open_time_ms,0
2026-08-07 06:00:00+00:00,5000.0
2026-08-07 12:00:00+00:00,5000.0
2026-08-07 18:00:00+00:00,5000.0
2026-08-08 00:00:00+00:00,5000.0
2026-08-08 06:00:00+00:00,5000.0
2026-08-08 12:00:00+00:00,5000.0
2026-08-08 18:00:00+00:00,5000.0
2026-08-09 00:00:00+00:00,5000.0
2026-08-09 06:00:00+00:00,5000.0
2026-08-09 12:00:00+00:00,5000.0
2026-08-09 18:00:00+00:00,5000.0
2026-08-10 00:00:00+00:00,5000.0
2026-08-10 06:00:00+00:00,5000.0
2026-08-10 12:00:00+00:00,5000.0
2026-08-10 18:00:00+00:00,5000.0
2026-08-11 00:00:00+00:00,5000.0
2026-08-11 06:00:00+00:00,5000.0
2026-08-11 12:00:00+00:00,5000.0
2026-08-11 18:00:00+00:00,5000.0
2026-08-12 00:00:00+00:00,5000.0
2026-08-12 06:00:00+00:00,5000.0
2026-08-12 12:00:00+00:00,5002.093312137633
2026-08-12 18:00:00+00:00,5013.023631729089
2026-08-13 00:00:00+00:00,5005.973077551411
2026-08-13 06:00:00+00:00,5012.000571695521
2026-08-13 12:00:00+00:00,5003.318913750898
2026-08-13 18:00:00+00:00,5003.814612151264
2026-08-14 00:00:00+00:00,5001.503565611138
2026-08-14 06:00:00+00:00,4990.168188008124
2026-08-14 12:00:00+00:00,4994.419755369318
2026-08-14 18:00:00+00:00,4991.222883246248
2026-08-15 00:00:00+00:00,4994.68997262006
2026-08-15 06:00:00+00:00,4993.575240918022
2026-08-15 12:00:00+00:00,4988.7672945163795
2026-08-15 18:00:00+00:00,4991.339842737548
2026-08-16 00:00:00+00:00,4994.532040431558
2026-08-16 06:00:00+00:00,4990.736198274393
2026-08-16 12:00:00+00:00,4990.443956524382
2026-08-16 18:00:00+00:00,4992.421632752229
2026-08-17 00:00:00+00:00,4984.848421993853
2026-08-17 06:00:00+00:00,4982.5490198333755
2026-08-17 12:00:00+00:00,5004.112161122813
2026-08-17 18:00:00+00:00,5006.0799486541255
2026-08-18 00:00:00+00:00,5002.5736525689645
2026-08-18 06:00:00+00:00,5002.5736525689645
2026-08-18 12:00:00+00:00,5002.5736525689645
2026-08-18 18:00:00+00:00,5002.5736525689645
2026-08-19 00:00:00+00:00,5002.5736525689645
2026-08-19 06:00:00+00:00,5002.5736525689645
2026-08-19 12:00:00+00:00,5002.5736525689645
2026-08-19 18:00:00+00:00,4847.229068712854
2026-08-20 00:00:00+00:00,4857.028837837923
2026-08-20 06:00:00+00:00,4889.200497864758
2026-08-20 12:00:00+00:00,4862.439254280662
2026-08-20 18:00:00+00:00,4894.2799306730185
2026-08-21 00:00:00+00:00,4933.9724389336
2026-08-21 06:00:00+00:00,4977.554085847867
2026-08-21 12:00:00+00:00,4937.5472432419265
2026-08-21 18:00:00+00:00,4862.47294102279
2026-08-22 00:00:00+00:00,4918.337742873964
2026-08-22 06:00:00+00:00,4926.566873680878
2026-08-22 12:00:00+00:00,4928.671045879271
2026-08-22 18:00:00+00:00,4924.56318958554
2026-08-23 00:00:00+00:00,4947.717920343366
2026-08-23 06:00:00+00:00,4920.319898676528
2026-08-23 12:00:00+00:00,4908.18377235859
2026-08-23 18:00:00+00:00,4900.738759258966
2026-08-24 00:00:00+00:00,4896.070079537556
2026-08-24 06:00:00+00:00,4888.808835442658
2026-08-24 12:00:00+00:00,4931.273214137695
2026-08-24 18:00:00+00:00,4922.506466989986
2026-08-25 00:00:00+00:00,4953.6943857373835
2026-08-25 06:00:00+00:00,4931.601950375918
2026-08-25 12:00:00+00:00,4946.808355173381
2026-08-25 18:00:00+00:00,4952.250196195871
2026-08-26 00:00:00+00:00,4946.897327604065
2026-08-26 06:00:00+00:00,4925.129430216522
2026-08-26 12:00:00+00:00,4926.889412843108
2026-08-26 18:00:00+00:00,4893.090148707531
2026-08-27 00:00:00+00:00,4900.590968746954
2026-08-27 06:00:00+00:00,4915.976035376708
2026-08-27 12:00:00+00:00,4928.990274993326
2026-08-27 18:00:00+00:00,4933.889249482242
2026-08-28 00:00:00+00:00,4931.549993722891
2026-08-28 06:00:00+00:00,4915.298180815942
2026-08-28 12:00:00+00:00,4925.964083879781
2026-08-28 18:00:00+00:00,4924.17445174847
2026-08-29 00:00:00+00:00,4921.596124247621
2026-08-29 06:00:00+00:00,4922.904383471837
2026-08-29 12:00:00+00:00,4923.957260521593
2026-08-29 18:00:00+00:00,4921.057879051139
2026-08-30 00:00:00+00:00,4919.132445399399
2026-08-30 06:00:00+00:00,4915.311391717529
2026-08-30 12:00:00+00:00,4891.19225324199
2026-08-30 18:00:00+00:00,4946.793645382662
2026-08-31 00:00:00+00:00,4942.772579445735
2026-08-31 06:00:00+00:00,4942.772579445735
2026-08-31 12:00:00+00:00,4942.772579445735
2026-08-31 18:00:00+00:00,4942.772579445735
2026-09-01 00:00:00+00:00,4942.772579445735
2026-09-01 06:00:00+00:00,4942.772579445735
2026-09-01 12:00:00+00:00,4942.772579445735
2026-09-01 18:00:00+00:00,4942.772579445735
2026-09-02 00:00:00+00:00,4942.772579445735
2026-09-02 06:00:00+00:00,4942.772579445735
2026-09-02 12:00:00+00:00,4933.6988901425975
2026-09-02 18:00:00+00:00,4934.677245432779
2026-09-03 00:00:00+00:00,4931.262546690272
2026-09-03 06:00:00+00:00,4929.96174325429
2026-09-03 12:00:00+00:00,4925.82860938916
2026-09-03 18:00:00+00:00,4926.381504481428
2026-09-04 00:00:00+00:00,4935.5879529124895
2026-09-04 06:00:00+00:00,4942.603436630218
2026-09-04 12:00:00+00:00,4918.698066894254
2026-09-04 18:00:00+00:00,4923.429262794404
2026-09-05 00:00:00+00:00,4920.488583696092
2026-09-05 06:00:00+00:00,4921.941649031928
2026-09-05 12:00:00+00:00,4935.136319611118
2026-09-05 18:00:00+00:00,4941.784663014914
2026-09-06 00:00:00+00:00,4969.549942288728
2026-09-06 06:00:00+00:00,4965.923039072171
2026-09-06 12:00:00+00:00,4965.923039072171
2026-09-06 18:00:00+00:00,4965.923039072171
2026-09-07 00:00:00+00:00,4965.923039072171
2026-09-07 06:00:00+00:00,4965.923039072171
2026-09-07 12:00:00+00:00,4965.923039072171
2026-09-07 18:00:00+00:00,4965.923039072171
2026-09-08 00:00:00+00:00,4965.923039072171
2026-09-08 06:00:00+00:00,4965.923039072171
2026-09-08 12:00:00+00:00,4965.923039072171
2026-09-08 18:00:00+00:00,4964.724470642737
2026-09-09 00:00:00+00:00,4968.328138071834
2026-09-09 06:00:00+00:00,4975.470526063758
2026-09-09 12:00:00+00:00,4964.108806253855
2026-09-09 18:00:00+00:00,4976.320065521009
2026-09-10 00:00:00+00:00,4968.660775112439
2026-09-10 06:00:00+00:00,4966.421349700058
2026-09-10 12:00:00+00:00,4946.049745944439
2026-09-10 18:00:00+00:00,4950.044193463537
2026-09-11 00:00:00+00:00,4941.913204166148
2026-09-11 06:00:00+00:00,4944.436921838074
2026-09-11 12:00:00+00:00,4850.493587101375
2026-09-11 18:00:00+00:00,4893.082741806918
2026-09-12 00:00:00+00:00,4895.733264796752
2026-09-12 06:00:00+00:00,4876.009685771442
2026-09-12 12:00:00+00:00,4881.960149966803
2026-09-12 18:00:00+00:00,4883.908131510006
2026-09-13 00:00:00+00:00,4887.325674633633
2026-09-13 06:00:00+00:00,4912.015082688073
2026-09-13 12:00:00+00:00,4905.052483903158
2026-09-13 18:00:00+00:00,4917.418475675812
2026-09-14 00:00:00+00:00,4906.687225767008
2026-09-14 06:00:00+00:00,4915.086791702465
2026-09-14 12:00:00+00:00,4927.803465126568
2026-09-14 18:00:00+00:00,4923.003165725778
2026-09-15 00:00:00+00:00,4922.636322273661
2026-09-15 06:00:00+00:00,4919.930402490335
2026-09-15 12:00:00+00:00,4955.882290559764
2026-09-15 18:00:00+00:00,4956.710912113084
2026-09-16 00:00:00+00:00,4953.363642289776
2026-09-16 06:00:00+00:00,4953.363642289776
2026-09-16 12:00:00+00:00,4953.363642289776
2026-09-16 18:00:00+00:00,4953.363642289776
2026-09-17 00:00:00+00:00,4953.363642289776
2026-09-17 06:00:00+00:00,4953.363642289776
2026-09-17 12:00:00+00:00,4953.363642289776
2026-09-17 18:00:00+00:00,4955.918305549332
2026-09-18 00:00:00+00:00,4956.512953453901
2026-09-18 06:00:00+00:00,4946.634907458408
2026-09-18 12:00:00+00:00,4942.128249731259
2026-09-18 18:00:00+00:00,4934.923063107854
2026-09-19 00:00:00+00:00,4922.582375689262
2026-09-19 06:00:00+00:00,4920.407847812211
2026-09-19 12:00:00+00:00,4917.662920634211
2026-09-19 18:00:00+00:00,4925.67742216423
2026-09-20 00:00:00+00:00,4955.735973702202
2026-09-20 06:00:00+00:00,4952.098630362458
2026-09-20 12:00:00+00:00,4952.098630362458
2026-09-20 18:00:00+00:00,4931.94056870461
2026-09-21 00:00:00+00:00,4922.570894357933
2026-09-21 06:00:00+00:00,4969.286065549826
2026-09-21 12:00:00+00:00,4965.67430763548
2026-09-21 18:00:00+00:00,4965.67430763548
2026-09-22 00:00:00+00:00,4965.67430763548
2026-09-22 06:00:00+00:00,4965.67430763548
2026-09-22 12:00:00+00:00,4965.67430763548
2026-09-22 18:00:00+00:00,4965.67430763548
2026-09-23 00:00:00+00:00,4965.67430763548
2026-09-23 06:00:00+00:00,4965.67430763548
2026-09-23 12:00:00+00:00,4965.67430763548
2026-09-23 18:00:00+00:00,4975.088963608195
2026-09-24 00:00:00+00:00,4985.499319645891
2026-09-24 06:00:00+00:00,4965.159972430225
2026-09-24 12:00:00+00:00,4968.488146770629
2026-09-24 18:00:00+00:00,4977.0860052121825
2026-09-25 00:00:00+00:00,4976.838666372187
2026-09-25 06:00:00+00:00,4998.788831895754
2026-09-25 12:00:00+00:00,4995.275576719579
2026-09-25 18:00:00+00:00,4995.275576719579
2026-09-26 00:00:00+00:00,4995.275576719579
2026-09-26 06:00:00+00:00,4995.275576719579
2026-09-26 12:00:00+00:00,4995.275576719579
2026-09-26 18:00:00+00:00,4995.275576719579
2026-09-27 00:00:00+00:00,4995.275576719579
2026-09-27 06:00:00+00:00,4995.275576719579
2026-09-27 12:00:00+00:00,4995.275576719579
2026-09-27 18:00:00+00:00,4995.275576719579
2026-09-28 00:00:00+00:00,4995.275576719579
2026-09-28 06:00:00+00:00,4995.275576719579
2026-09-28 12:00:00+00:00,4995.275576719579
2026-09-28 18:00:00+00:00,4995.275576719579
2026-09-29 00:00:00+00:00,4995.275576719579
2026-09-29 06:00:00+00:00,4995.275576719579
2026-09-29 12:00:00+00:00,5008.256525032411
2026-09-29 18:00:00+00:00,5021.112416947765
2026-09-30 00:00:00+00:00,5017.665638556318
2026-09-30 06:00:00+00:00,5017.665638556318
2026-09-30 12:00:00+00:00,5017.665638556318
2026-09-30 18:00:00+00:00,5017.665638556318
2026-10-01 00:00:00+00:00,5017.665638556318
2026-10-01 06:00:00+00:00,5017.665638556318
2026-10-01 12:00:00+00:00,5017.665638556318
2026-10-01 18:00:00+00:00,5017.665638556318
2026-10-02 00:00:00+00:00,5017.665638556318
2026-10-02 06:00:00+00:00,5028.4009195831695
2026-10-02 12:00:00+00:00,5018.95058890768
2026-10-02 18:00:00+00:00,5011.496895329685
2026-10-03 00:00:00+00:00,5015.269238798557
2026-10-03 06:00:00+00:00,5021.506457807664
2026-10-03 12:00:00+00:00,5016.217423463044
2026-10-03 18:00:00+00:00,5021.117425124386
2026-10-04 00:00:00+00:00,5023.222533771834
2026-10-04 06:00:00+00:00,5016.4871259047595
2026-10-04 12:00:00+00:00,5017.830516440667
2026-10-04 18:00:00+00:00,5004.857480923273
2026-10-05 00:00:00+00:00,5007.889584756505
2026-10-05 06:00:00+00:00,5006.106193426542
2026-10-05 12:00:00+00:00,5016.181993793766
2026-10-05 18:00:00+00:00,5011.960268130611
2026-10-06 00:00:00+00:00,5009.807548810949
2026-10-06 06:00:00+00:00,5000.655990981513
2026-10-06 12:00:00+00:00,5001.00119609041
2026-10-06 18:00:00+00:00,5005.123597588549
2026-10-07 00:00:00+00:00,4970.262850698813
2026-10-07 06:00:00+00:00,4947.778113449633
2026-10-07 12:00:00+00:00,4938.94098915084
2026-10-07 18:00:00+00:00,4955.564585580633
2026-10-08 00:00:00+00:00,4962.627570566275
2026-10-08 06:00:00+00:00,4945.074076321347
2026-10-08 12:00:00+00:00,4884.397321461025
2026-10-08 18:00:00+00:00,4908.122004723141
2026-10-09 00:00:00+00:00,4905.901509102136
2026-10-09 06:00:00+00:00,4894.298509471614
2026-10-09 12:00:00+00:00,4889.485604892098
2026-10-09 18:00:00+00:00,4889.485604892098
