entry_time,side,z_entry,eq0,re,rb,pe,pb,cost_entry,funding,gross_notional,hedge,exit_time,bars,reason,gross,costs,net
2026-08-24 06:00:00+00:00,short ETH/long BTC,2.5672616039273066,5000.0,2449.15,77155.06,2449.15,77155.06,3.5,0.6670493711696025,5000.0,1.0,2026-08-25 03:00:00+00:00,21,converged,51.96972057082871,7.120479410732389,44.18219178892672
2026-08-30 17:00:00+00:00,short ETH/long BTC,1.4792940410633282,5044.1821917889265,2528.78,79329.22,2528.78,79329.22,3.5309275342522484,0.2176812143939037,5044.1821917889265,1.0,2026-08-31 00:00:00+00:00,7,converged,58.174159207255386,6.948551475040739,51.00792651782074
2026-08-31 03:00:00+00:00,long ETH/short BTC,-1.0205124058229487,5095.1901183067475,2407.22,77456.86,2407.22,77456.86,3.566633082814723,0.3220165297475361,5095.1901183067475,1.0,2026-08-31 13:00:00+00:00,10,converged,28.297386970338426,7.173775553096098,20.801594887494794
2026-09-02 10:00:00+00:00,long ETH/short BTC,-1.3890672178825003,5115.991713194242,2375.1,76726.48,2375.1,76726.48,3.5811941992359695,2.7070431531831325,5115.991713194242,1.0,2026-09-05 20:00:00+00:00,82,converged,8.790996081815933,7.31009140454928,-1.2261384759164797
2026-09-07 03:00:00+00:00,short ETH/long BTC,1.1418449424335453,5114.765574718325,2512.19,79868.56,2512.19,79868.56,3.580335902302828,5.6341749482672325,5114.765574718325,1.0,2026-09-14 14:00:00+00:00,179,converged,-42.30134221553886,7.1146142283304155,-55.05013139213651
2026-09-14 21:00:00+00:00,short ETH/long BTC,1.3136940301248679,5059.7154433261885,2570.04,79096.9,2570.04,79096.9,3.541800810328332,0.09381143783618073,5059.7154433261885,1.0,2026-09-15 00:00:00+00:00,3,converged,26.49148647342348,7.025343526139734,19.372331509447562
2026-09-15 15:00:00+00:00,long ETH/short BTC,-1.2508784822025998,5079.087774835636,2407.81,75864.3,2407.81,75864.3,3.555361442384945,1.4953173416709618,5079.087774835636,1.0,2026-09-17 14:00:00+00:00,47,converged,29.56731445836135,7.166882561105625,20.90511455558476
2026-09-18 14:00:00+00:00,long ETH/short BTC,-1.0171834638407873,5099.992889391221,2550.24,80030.76,2550.24,80030.76,3.569995022573855,0.09676848630798274,5099.992889391221,1.0,2026-09-18 17:00:00+00:00,3,converged,20.73802415759964,7.189755288547239,13.451500382744415
2026-09-18 20:00:00+00:00,short ETH/long BTC,1.049168851927229,5113.444389773966,2638.65,81186.42,2638.65,81186.42,3.579411072841776,0.1593365274834571,5113.444389773966,1.0,2026-09-19 01:00:00+00:00,5,converged,26.30441401497646,7.160577032255826,18.984500455237175
2026-09-19 09:00:00+00:00,short ETH/long BTC,1.226996752393017,5132.428890229203,2645.63,81305.72,2645.63,81305.72,3.592700223160442,0.5758585380295393,5132.428890229203,1.0,2026-09-20 03:00:00+00:00,18,converged,41.4700049827984,7.11285289651439,33.78129354825447
2026-09-20 17:00:00+00:00,short ETH/long BTC,1.185049992101339,5166.210183777457,2639.92,81321.27,2639.92,81321.27,3.61634712864422,0.5515997426563809,5166.210183777457,1.0,2026-09-21 10:00:00+00:00,17,converged,29.043406227366788,7.359038878550902,21.1327676061595
2026-09-22 16:00:00+00:00,long ETH/short BTC,-1.0663730863238907,5187.342951383616,2742.09,86419.29,2742.09,86419.29,3.6311400659685313,2.1043468650813564,5187.342951383616,1.0,2026-09-25 10:00:00+00:00,66,converged,20.55479354235539,7.198683630535364,11.25176304673867
2026-09-29 08:00:00+00:00,short ETH/long BTC,1.1894346624660823,5198.5947144303545,2711.19,83945.34,2711.19,83945.34,3.639016300101248,0.5178653768335059,5198.5947144303545,1.0,2026-09-30 00:00:00+00:00,16,converged,23.754295445408978,7.248233180747402,15.988196887828071
2026-10-02 05:00:00+00:00,long ETH/short BTC,-1.1408746812134662,5214.582911318183,2741.96,86615.17,2741.96,86615.17,3.6502080379227277,0.1298537308405473,5214.582911318183,1.0,2026-10-02 09:00:00+00:00,4,converged,25.10691830014006,7.300999352642231,17.676065216657282
2026-10-02 15:00:00+00:00,long ETH/short BTC,-1.1271272269094634,5232.25897653484,2710.89,85657.2,2710.89,85657.2,3.6625812835743883,5.750174935514018,5232.25897653484,1.0,2026-10-10 03:00:00+00:00,180,end_of_test,-117.68343524776108,7.110266733537044,-130.54387691681214
