open_time_ms,open,high,low,close,volume
1786338000000,1914.37,1922.86,1914.31,1922.82,72.274294
1786341600000,1922.82,1927.85,1922.15,1926.7,53.761523
1786345200000,1926.7,1929.41,1925.28,1925.64,11.125148
1786348800000,1925.64,1927.23,1921.93,1925.04,14.393904
1786352400000,1925.04,1925.83,1915.44,1915.49,95.253879
1786356000000,1915.49,1918.86,1914.91,1916.28,19.628615
1786359600000,1916.28,1918.94,1913.46,1918.33,37.271524
1786363200000,1918.33,1922.31,1904.6,1904.6,168.511663
1786366800000,1904.6,1908.45,1892.89,1896.91,495.961975
1786370400000,1896.91,1900.05,1890.48,1892.29,118.331009
1786374000000,1892.29,1892.29,1870.12,1876.06,276.807948
1786377600000,1876.06,1877.09,1867.51,1870.33,232.089054
1786381200000,1870.33,1875.58,1866.94,1872.09,21.68812
1786384800000,1872.09,1873.53,1866.55,1871.29,237.469649
1786388400000,1871.29,1878.87,1870.72,1876.44,28.893933
1786392000000,1876.44,1879.01,1875.85,1877.81,26.316658
1786395600000,1877.81,1877.81,1872.06,1872.75,36.762601
1786399200000,1872.75,1876.16,1870.49,1874.49,108.645588
1786402800000,1874.49,1874.53,1869.01,1871.28,51.363246
1786406400000,1871.28,1874.23,1869.47,1874.05,82.325446
1786410000000,1874.05,1877.2,1872.09,1876.79,58.153461
1786413600000,1876.79,1878.31,1875.72,1877.12,30.660158
1786417200000,1877.12,1879.67,1877.01,1879.21,9.362754
1786420800000,1879.21,1879.99,1875.03,1875.05,2.466635
1786424400000,1875.05,1875.28,1871.5,1874.7,9.213964
1786428000000,1874.7,1874.7,1870.24,1870.53,9.196126
1786431600000,1870.53,1877.58,1869.72,1876,179.925626
1786435200000,1876,1877.04,1874.66,1875.36,6.647829
1786438800000,1875.36,1882.4,1875.36,1882.4,52.504941
1786442400000,1882.4,1887.42,1882.03,1884.89,12.688824
1786446000000,1884.89,1894.14,1884.89,1891.76,43.452133
1786449600000,1891.76,1896.08,1885.93,1886.62,161.57425
1786453200000,1886.62,1891.55,1882.09,1888.74,63.18281
1786456800000,1888.74,1890.05,1870,1870,246.718059
1786460400000,1870,1876.24,1852.3,1861.69,140.570088
1786464000000,1861.69,1865.55,1859.16,1863.36,32.129565
1786467600000,1863.36,1866.07,1861.37,1863.86,15.380087
1786471200000,1863.86,1864.83,1859.74,1864.53,99.392773
1786474800000,1864.53,1883.34,1861.38,1880.78,93.932432
1786478400000,1880.78,1885.17,1877.57,1880.58,83.467093
1786482000000,1880.58,1883.35,1878.99,1882.04,26.514119
1786485600000,1882.04,1885.46,1878.44,1880.82,36.840236
1786489200000,1880.82,1882.91,1877.62,1881.14,20.632013
1786492800000,1881.14,1881.85,1879.19,1880.54,67.382262
1786496400000,1880.54,1884.96,1879.85,1883.33,9.441845
1786500000000,1883.33,1885.95,1882,1882,10.562862
1786503600000,1882,1885.63,1881.52,1885.26,8.387325
1786507200000,1885.26,1891.65,1883.52,1887.63,22.555053
1786510800000,1887.63,1890.8,1885.32,1890.52,5.589246
1786514400000,1890.52,1890.52,1884.06,1884.43,19.910631
1786518000000,1884.43,1889.52,1884.43,1886.81,9.21522
1786521600000,1886.81,1894.27,1886.81,1889.21,0.795046
1786525200000,1889.21,1907.14,1888.24,1902.29,55.00335
1786528800000,1902.29,1913.86,1902.29,1907.33,87.739516
1786532400000,1907.33,1913.97,1906.7,1913.8,25.49504
1786536000000,1913.8,1922.59,1903.45,1909.76,179.767392
1786539600000,1909.76,1911.05,1898.87,1899.72,34.769371
1786543200000,1899.72,1901.98,1884.35,1884.35,151.107609
1786546800000,1884.35,1894.04,1883.3,1890.81,54.299593
1786550400000,1890.81,1893.32,1887.88,1888.89,45.861161
1786554000000,1888.89,1889.57,1883.31,1886.18,29.668332
1786557600000,1886.18,1888.29,1883.83,1883.83,48.055467
1786561200000,1883.83,1884.5,1875.93,1877.57,93.642911
1786564800000,1877.57,1885.47,1875.7,1884.36,63.857485
1786568400000,1884.36,1887.13,1873.14,1877.25,77.782566
1786572000000,1877.25,1879.77,1874.68,1876.92,226.163299
1786575600000,1876.92,1878.1,1873.62,1877.88,29.382064
1786579200000,1877.88,1882.82,1875.76,1879.22,91.384718
1786582800000,1879.22,1881.24,1874.54,1876.21,30.824406
1786586400000,1876.21,1881.44,1871.66,1880.11,25.3221
1786590000000,1880.11,1886.18,1879.87,1885.33,37.218739
1786593600000,1885.33,1892.82,1884,1890.97,29.437476
1786597200000,1890.97,1897.96,1889.91,1894.93,32.037384
1786600800000,1894.93,1896.43,1890.82,1896.43,11.295309
1786604400000,1896.43,1896.43,1893.78,1893.78,5.871894
1786608000000,1893.78,1895.37,1887.22,1887.33,13.950697
1786611600000,1887.33,1888.65,1880.53,1888.57,48.812312
1786615200000,1888.57,1888.57,1880.39,1881.27,47.774381
1786618800000,1881.27,1881.27,1874.1,1878.51,14.656564
1786622400000,1878.51,1888.06,1877.29,1887.31,26.292108
1786626000000,1887.31,1893,1885.53,1888.63,59.33113
1786629600000,1888.63,1894.74,1886.91,1891.76,56.855286
1786633200000,1891.76,1894.01,1882,1882.73,42.349128
1786636800000,1882.73,1882.73,1861.66,1872.68,62.250674
1786640400000,1872.68,1878.75,1872.68,1875.13,25.600146
1786644000000,1875.13,1885.19,1874.94,1883.7,18.242587
1786647600000,1883.7,1890.63,1883.38,1885.2,77.488545
1786651200000,1885.2,1887.65,1884.02,1884.38,69.394897
1786654800000,1884.38,1887.54,1884.38,1886.83,5.550499
1786658400000,1886.83,1891.32,1886.83,1887.81,58.855732
1786662000000,1887.81,1887.81,1883.46,1884.65,8.121867
1786665600000,1884.65,1887.89,1882.73,1887.89,5.716823
1786669200000,1887.89,1888.12,1883.52,1887.93,23.254495
1786672800000,1887.93,1889.68,1884.67,1885.53,71.85621
1786676400000,1885.53,1887.54,1880.86,1881.57,14.327588
1786680000000,1881.57,1886.02,1880.87,1882.85,3.291097
1786683600000,1882.85,1883.86,1879.32,1882.92,16.752564
1786687200000,1882.92,1882.92,1870.71,1872.96,11.196936
1786690800000,1872.96,1875.87,1871.91,1872.93,6.175133
1786694400000,1872.93,1873.7,1868.56,1873.33,7.653423
1786698000000,1873.33,1876,1870.45,1872.66,6.657819
1786701600000,1872.66,1875.95,1872.66,1874.08,1.749168
1786705200000,1874.08,1878.9,1873.26,1876.09,15.056698
1786708800000,1876.09,1876.98,1871.43,1871.72,23.929077
1786712400000,1871.72,1871.76,1865,1867.72,46.274395
1786716000000,1867.72,1871.37,1861.07,1865.27,67.644739
1786719600000,1865.27,1881.47,1864.77,1880.58,94.974751
1786723200000,1880.58,1885.51,1878.1,1883.64,76.205201
1786726800000,1883.64,1885.53,1875.73,1876.88,41.074753
1786730400000,1876.88,1877.12,1872.91,1874.05,86.797454
1786734000000,1874.05,1880.14,1872.1,1878.57,88.678433
1786737600000,1878.57,1879.76,1877.32,1878.03,16.298835
1786741200000,1878.03,1879.49,1875.57,1877.69,13.401718
1786744800000,1877.69,1879.24,1874.5,1877.95,8.144447
1786748400000,1877.95,1880.61,1877.8,1880.48,12.594099
1786752000000,1880.48,1881.74,1880.01,1880.91,11.02885
1786755600000,1880.91,1882.89,1879.51,1882.32,14.053374
1786759200000,1882.32,1883.94,1882.32,1882.49,8.361817
1786762800000,1882.49,1884.86,1881.44,1881.45,86.158978
1786766400000,1881.45,1883.83,1881.32,1882.61,7.159547
1786770000000,1882.61,1883.29,1878.37,1878.71,19.921553
1786773600000,1878.71,1881.49,1878.54,1881.49,2.116973
1786777200000,1881.49,1881.49,1878.65,1879.04,14.870218
1786780800000,1879.04,1879.75,1875.81,1875.81,2.239039
1786784400000,1875.81,1878.53,1874.54,1878.52,6.06115
1786788000000,1878.52,1879.15,1877.27,1879.15,9.326946
1786791600000,1879.15,1879.36,1877.49,1877.69,2.078691
1786795200000,1877.69,1882.23,1876.87,1882.19,6.118145
1786798800000,1882.19,1882.57,1880.52,1881.75,203.223243
1786802400000,1881.75,1882.46,1879.66,1882.44,11.255763
1786806000000,1882.44,1884.13,1881.14,1883.14,12.816633
1786809600000,1883.14,1883.94,1882.21,1883.12,5.601977
1786813200000,1883.12,1883.95,1881.35,1882.7,5.702667
1786816800000,1882.7,1884.06,1880.77,1880.98,4.405484
1786820400000,1880.98,1882.89,1880.98,1882.65,18.530479
1786824000000,1882.65,1882.65,1880.94,1881.51,10.392715
1786827600000,1881.51,1883.65,1881.51,1883.28,13.558715
1786831200000,1883.28,1883.9,1882,1882.79,34.925339
1786834800000,1882.79,1882.79,1880.13,1881.05,6.439133
1786838400000,1881.05,1881.54,1880.24,1880.8,5.53454
1786842000000,1880.8,1880.8,1876,1878.67,25.156295
1786845600000,1878.67,1883.34,1877.35,1881.57,3.278961
1786849200000,1881.57,1882.48,1881.25,1881.25,3.346976
1786852800000,1881.25,1882.67,1879.67,1879.67,22.857963
1786856400000,1879.67,1880.27,1877.92,1878.02,5.588505
1786860000000,1878.02,1878.84,1877.2,1878.74,1.77616
1786863600000,1878.74,1879.93,1878.26,1879.57,7.189827
1786867200000,1879.57,1879.57,1878.71,1879.12,6.26537
1786870800000,1879.12,1880.66,1878.93,1879.14,0.229612
1786874400000,1879.14,1879.14,1878.05,1878.92,3.502064
1786878000000,1878.92,1879.22,1878.17,1879.18,1.708889
1786881600000,1879.18,1879.18,1877.16,1877.92,5.25295
1786885200000,1877.92,1879.87,1877.92,1879.54,3.286653
1786888800000,1879.54,1882.56,1879.54,1881.26,2.457986
1786892400000,1881.26,1883.03,1881.26,1882.48,4.366781
1786896000000,1882.48,1889.74,1882.2,1887.45,207.134579
1786899600000,1887.45,1888.57,1882.82,1883.25,41.971814
1786903200000,1883.25,1884.44,1881.92,1883.65,15.438382
1786906800000,1883.65,1886.49,1882.65,1884.14,9.775038
1786910400000,1884.14,1885.52,1880.09,1880.09,427.212453
1786914000000,1880.09,1881.27,1868.45,1873.93,31.224518
1786917600000,1873.93,1876.11,1868,1873.91,3.863804
1786921200000,1873.91,1875.36,1871.79,1874.14,9.186781
1786924800000,1874.14,1877.33,1871.65,1877.33,24.284623
1786928400000,1877.33,1894.35,1877.1,1890,68.283554
1786932000000,1890,1906.01,1888.26,1899.82,43.484697
1786935600000,1899.82,1902.82,1896.38,1899.98,9.658927
1786939200000,1899.98,1903.11,1899.98,1901.02,5.073746
1786942800000,1901.02,1902.1,1896.94,1898,7.121372
1786946400000,1898,1910.78,1896.2,1906.06,156.390825
1786950000000,1906.06,1906.06,1899.74,1899.85,32.465194
1786953600000,1899.85,1899.85,1889.89,1891.44,31.578981
1786957200000,1891.44,1894.91,1891.44,1892.13,9.543425
1786960800000,1892.13,1906.28,1890.91,1904.96,23.074807
1786964400000,1904.96,1906.36,1902.31,1902.89,6.635774
1786968000000,1902.89,1904.28,1896,1897.73,67.753412
1786971600000,1897.73,1907.12,1894.16,1903.01,75.54005
1786975200000,1903.01,1908.96,1896.43,1907.54,98.562007
1786978800000,1907.54,1913.46,1903.31,1911.42,84.717426
1786982400000,1911.42,1912.19,1904.13,1905.41,79.852369
1786986000000,1905.41,1912.36,1903.45,1907.61,40.448754
1786989600000,1907.61,1911.32,1905.83,1908.44,72.685863
1786993200000,1908.44,1909.04,1905.42,1906.14,6.461893
1786996800000,1906.14,1908.4,1903.49,1905.43,97.253782
1787000400000,1905.43,1907.22,1903.72,1904.79,232.824993
1787004000000,1904.79,1905.45,1902,1902.77,67.028005
1787007600000,1902.77,1916.75,1902.21,1912.02,168.654056
1787011200000,1912.02,1912.38,1907.31,1907.93,21.765522
1787014800000,1907.93,1908.82,1898.26,1899.38,37.921827
1787018400000,1899.38,1901.59,1889.53,1891.46,189.408003
1787022000000,1891.46,1893.74,1884.68,1892.6,65.997565
1787025600000,1892.6,1895.79,1890.61,1895.16,19.550382
1787029200000,1895.16,1896.29,1891,1893.91,13.614137
1787032800000,1893.91,1905.2,1892.97,1900.35,67.538028
1787036400000,1900.35,1901.21,1896.25,1896.25,12.827027
1787040000000,1896.25,1899.29,1893.16,1898.01,10.564633
1787043600000,1898.01,1898.01,1894.4,1895.01,0.395919
1787047200000,1895.01,1897.34,1894.33,1896.05,13.045074
1787050800000,1896.05,1903.72,1896.05,1901.41,30.951307
1787054400000,1901.41,1902.02,1898.17,1898.21,9.308895
1787058000000,1898.21,1898.21,1892.75,1895.76,14.912435
1787061600000,1895.76,1921.84,1895.66,1909.72,474.499103
1787065200000,1909.72,1918.83,1907.21,1916.04,249.960475
1787068800000,1916.04,1920.3,1912.25,1917.13,116.958198
1787072400000,1917.13,1917.13,1910.78,1911.19,140.436625
1787076000000,1911.19,1916.09,1910.07,1915.4,10.256017
1787079600000,1915.4,1916.65,1911.93,1912.21,35.471806
1787083200000,1912.21,1914.79,1910.75,1911.74,60.464254
1787086800000,1911.74,1913.59,1910.44,1911.07,28.659408
1787090400000,1911.07,1914.02,1910.73,1912.55,27.477926
1787094000000,1912.55,1918.81,1912.02,1917.95,43.593687
1787097600000,1917.95,1917.95,1911.39,1912.23,192.454512
1787101200000,1912.23,1916.75,1911.39,1911.74,48.012403
1787104800000,1911.74,1912.16,1906.19,1906.83,29.837041
1787108400000,1906.83,1913.59,1905.71,1911.03,40.792694
1787112000000,1911.03,1911.79,1908.84,1909.44,5.224775
1787115600000,1909.44,1911.88,1908.86,1908.86,11.103694
1787119200000,1908.86,1914.17,1905.39,1913.68,15.50498
1787122800000,1913.68,1919.3,1913.68,1916.44,76.738956
1787126400000,1916.44,1927.68,1914.06,1920,243.102704
1787130000000,1920,1922.27,1916.89,1916.89,24.370737
1787133600000,1916.89,1918,1916.14,1918,17.011697
1787137200000,1918,1924.17,1918,1921.52,55.102095
1787140800000,1921.52,1941.3,1921.04,1936.06,141.518248
1787144400000,1936.06,1938.79,1927.29,1931.55,66.329309
1787148000000,1931.55,1977.32,1931.55,1969.12,625.412874
1787151600000,1969.12,2119.53,1966.51,2084.49,1413.729869
1787155200000,2084.49,2105.54,2081.5,2089.18,568.699532
1787158800000,2089.18,2091.62,2068.09,2090.67,1250.171715
1787162400000,2090.67,2091.85,2079.19,2089.7,253.726832
1787166000000,2089.7,2105.08,2089.14,2102.65,507.22831
1787169600000,2102.65,2242.59,2102.32,2217.09,806.38339
1787173200000,2217.09,2336.87,2217.09,2285.39,2018.25732
1787176800000,2285.39,2287,2242.78,2247.65,446.974578
1787180400000,2247.65,2260.31,2242.6,2252.44,143.579095
1787184000000,2252.44,2271.87,2251.15,2260.34,173.317648
1787187600000,2260.34,2269.39,2250.56,2265.66,150.891359
1787191200000,2265.66,2269.36,2245,2250,140.206989
1787194800000,2250,2252.31,2218.56,2247.24,132.008516
1787198400000,2247.24,2254.51,2245.77,2249.65,53.314906
1787202000000,2249.65,2254.54,2243.33,2245.7,102.410572
1787205600000,2245.7,2264.39,2238.66,2260.84,76.019552
1787209200000,2260.84,2261.12,2243.98,2248.29,70.426049
1787212800000,2248.29,2284.32,2248.29,2281.73,111.303566
1787216400000,2281.73,2296.22,2274.6,2275.04,122.206095
1787220000000,2275.04,2290.05,2275.04,2280.37,38.495786
1787223600000,2280.37,2315.53,2280.37,2294.81,100.806905
1787227200000,2294.81,2296.99,2266.08,2287.83,158.730225
1787230800000,2287.83,2295.74,2254.96,2273.56,327.514751
1787234400000,2273.56,2286.42,2269.59,2276.99,220.841837
1787238000000,2276.99,2335.24,2276.99,2323.82,595.325618
1787241600000,2323.82,2357.6,2313.84,2343.25,387.969333
1787245200000,2343.25,2349.92,2331.78,2343.69,98.389341
1787248800000,2343.69,2347.02,2307.23,2315.71,199.110967
1787252400000,2315.71,2331.49,2313.63,2320.86,171.369025
1787256000000,2320.86,2330,2314.37,2317.75,192.802185
1787259600000,2317.75,2325,2312.72,2316.6,35.836888
1787263200000,2316.6,2318.25,2308.03,2313.05,37.504525
1787266800000,2313.05,2338.1,2313.05,2325.7,64.14875
1787270400000,2325.7,2350,2324.36,2339.86,66.473035
1787274000000,2339.86,2379.17,2339.26,2358.43,389.094888
1787277600000,2358.43,2363.22,2343.77,2344.25,269.659778
1787281200000,2344.25,2353.15,2337.4,2340.84,112.186488
1787284800000,2340.84,2354.42,2340.84,2352.8,36.490964
1787288400000,2352.8,2366.66,2348.79,2366.66,78.092075
1787292000000,2366.66,2379.76,2355.83,2370.69,69.306913
1787295600000,2370.69,2396.56,2368.05,2370.5,502.509071
1787299200000,2370.5,2447.76,2370.5,2443.36,467.370443
1787302800000,2443.36,2446.02,2377.71,2403.34,472.732213
1787306400000,2403.34,2410.98,2390,2393.47,188.251296
1787310000000,2393.47,2395.61,2356.63,2369.06,230.068347
1787313600000,2369.06,2395.73,2366.09,2387.2,141.919105
1787317200000,2387.2,2404.8,2369.82,2386.38,253.457387
1787320800000,2386.38,2396.49,2368.66,2392.9,260.990091
1787324400000,2392.9,2405.93,2390.51,2391.34,122.847103
1787328000000,2391.34,2412.1,2384,2405.34,164.305676
1787331600000,2405.34,2426.86,2402.47,2422.89,232.087233
1787335200000,2422.89,2430.31,2396.93,2419.23,235.42185
1787338800000,2419.23,2419.34,2406.74,2412.87,71.112245
1787342400000,2412.87,2446.79,2407.56,2439.55,207.493537
1787346000000,2439.55,2521.21,2435.19,2512.84,1119.618677
1787349600000,2512.84,2546.13,2508.13,2521.31,974.321674
1787353200000,2521.31,2545.5,2509.74,2514.79,428.13699
1787356800000,2514.79,2522.3,2493.6,2519.58,391.005572
1787360400000,2519.58,2528.59,2507.39,2507.39,122.025861
1787364000000,2507.39,2520.9,2496.37,2513.38,152.202356
1787367600000,2513.38,2525.34,2512.83,2516.9,75.057076
1787371200000,2516.9,2529.03,2506.02,2514.3,138.571921
1787374800000,2514.3,2517.38,2383.87,2439.4,1255.954429
1787378400000,2439.4,2442.53,2412.37,2438.08,124.042566
1787382000000,2438.08,2447.23,2427,2431.69,39.173989
1787385600000,2431.69,2440.6,2415.12,2421.97,82.581471
1787389200000,2421.97,2426.81,2413.4,2417.2,68.55651
1787392800000,2417.2,2420.13,2388.16,2412.54,267.486204
1787396400000,2412.54,2425.67,2406.15,2423.69,21.683837
1787400000000,2423.69,2437.31,2420.5,2428.78,48.177325
1787403600000,2428.78,2432.18,2423.1,2429.59,17.399427
1787407200000,2429.59,2430.51,2409.53,2412.7,68.618603
1787410800000,2412.7,2415.94,2405.82,2412.99,97.876722
1787414400000,2412.99,2428.11,2410.22,2423.73,105.964321
1787418000000,2423.73,2430.1,2419.07,2426.67,127.614112
1787421600000,2426.67,2433.27,2423.88,2427.82,63.271069
1787425200000,2427.82,2442.98,2424.4,2439.55,72.583262
1787428800000,2439.55,2442.82,2428.96,2431.95,38.400925
1787432400000,2431.95,2431.95,2404.26,2407.66,141.311491
1787436000000,2407.66,2424.71,2404.88,2412.4,128.703286
1787439600000,2412.4,2426.77,2411.28,2423.41,26.178491
1787443200000,2423.41,2434.55,2419.52,2430.28,222.567661
1787446800000,2430.28,2431.96,2419.91,2422.6,148.404329
1787450400000,2422.6,2424.34,2410.69,2416.4,70.964061
1787454000000,2416.4,2417.63,2408.04,2413.28,12.331017
1787457600000,2413.28,2416.36,2372.47,2378.15,424.245987
1787461200000,2378.15,2386,2356.62,2374.04,341.979193
1787464800000,2374.04,2394.77,2368.67,2388.58,319.547756
1787468400000,2388.58,2395.2,2388.03,2388.03,22.515042
1787472000000,2388.03,2424.56,2388.02,2412.3,228.687137
1787475600000,2412.3,2415.05,2406.03,2413.13,34.592485
1787479200000,2413.13,2417.94,2412.33,2414.22,14.292706
1787482800000,2414.22,2437.98,2414.22,2433.77,159.523834
1787486400000,2433.77,2433.77,2419.4,2426.35,58.02229
1787490000000,2426.35,2482.9,2426.35,2458.73,298.75466
1787493600000,2458.73,2467.55,2391.59,2438.82,756.242422
1787497200000,2438.82,2450.49,2422.57,2437.7,295.881009
1787500800000,2437.7,2458.77,2437.7,2450.66,227.565268
1787504400000,2450.66,2453.11,2434.51,2440.18,194.542411
1787508000000,2440.18,2448.53,2435.17,2447.62,92.400174
1787511600000,2447.62,2452.77,2438.18,2445.6,101.09608
1787515200000,2445.6,2449.99,2436.4,2449.81,47.870974
1787518800000,2449.81,2484.99,2449.81,2470.67,749.464047
1787522400000,2470.67,2472.07,2452.13,2454.75,231.558595
1787526000000,2454.75,2468.58,2443.17,2462.58,284.662913
1787529600000,2462.58,2464.37,2443.96,2464.37,201.853924
1787533200000,2464.37,2466.38,2427.55,2428.44,298.977388
1787536800000,2428.44,2450.49,2425.13,2439.59,131.480226
1787540400000,2439.59,2444.57,2426.65,2430.26,135.814326
1787544000000,2430.26,2446.52,2429.37,2435.87,97.281898
1787547600000,2435.87,2459.49,2435.6,2449.15,407.173544
1787551200000,2449.15,2462.87,2445.33,2456.7,116.59458
1787554800000,2456.7,2472.46,2452.23,2453.42,94.542216
1787558400000,2453.42,2459.14,2435.63,2453.35,59.163821
1787562000000,2453.35,2463.97,2453.21,2461.4,23.433312
1787565600000,2461.4,2490.38,2461.4,2464.31,231.496746
1787569200000,2464.31,2507.38,2454.85,2494.19,167.39922
1787572800000,2494.19,2517.57,2474.13,2510.24,304.143003
1787576400000,2510.24,2518.9,2474.72,2493.18,136.66944
1787580000000,2493.18,2530.35,2492.37,2515.08,356.138422
1787583600000,2515.08,2531.71,2479.36,2486.66,645.11119
1787587200000,2486.66,2505.4,2469.35,2477.34,250.305021
1787590800000,2477.34,2482.42,2455.56,2468.26,579.790105
1787594400000,2468.26,2482.54,2467.23,2475,252.369785
1787598000000,2475,2477.34,2462.97,2470.76,173.469115
1787601600000,2470.76,2478.64,2465.1,2474.5,67.171081
1787605200000,2474.5,2486.55,2474.5,2483.69,114.329386
1787608800000,2483.69,2484.35,2472.45,2474.06,154.115835
1787612400000,2474.06,2486.88,2470.74,2482.65,46.052558
1787616000000,2482.65,2503.86,2473.48,2492.48,175.791887
1787619600000,2492.48,2504,2484.55,2495.25,97.102455
1787623200000,2495.25,2531.27,2492.21,2508,387.376898
1787626800000,2508,2513.57,2490.03,2497.35,122.013382
1787630400000,2497.35,2500,2489.15,2490.62,161.607521
1787634000000,2490.62,2510.68,2490.62,2509.19,70.091414
1787637600000,2509.19,2514.37,2496.35,2496.35,69.180186
1787641200000,2496.35,2511.19,2465.57,2479.64,163.299945
1787644800000,2479.64,2496.59,2477.75,2483.03,30.15254
1787648400000,2483.03,2491.14,2462.58,2473.7,68.437365
1787652000000,2473.7,2484.31,2471.1,2483.49,22.490624
1787655600000,2483.49,2485.11,2474.8,2478.76,28.259536
1787659200000,2478.76,2480.37,2458.18,2474.2,112.406614
1787662800000,2474.2,2476.47,2440,2458.26,302.791427
1787666400000,2458.26,2483.76,2455.39,2475.72,214.952109
1787670000000,2475.72,2484.07,2467.51,2483.61,94.944437
1787673600000,2483.61,2485.82,2468.24,2470.92,122.522456
1787677200000,2470.92,2471.67,2457.4,2469.39,122.578737
1787680800000,2469.39,2474.79,2465.07,2467.97,64.638962
1787684400000,2467.97,2470.15,2456.29,2463.86,65.642881
1787688000000,2463.86,2463.86,2434.92,2436.26,163.570116
1787691600000,2436.26,2443,2415.33,2442.07,301.296623
1787695200000,2442.07,2455.4,2442.07,2454.42,250.909617
1787698800000,2454.42,2456.11,2438.61,2442.75,76.03891
1787702400000,2442.75,2450.54,2436.65,2447,57.92134
1787706000000,2447,2461.34,2446.52,2455.21,96.336007
1787709600000,2455.21,2469.32,2454.45,2465.79,79.357596
1787713200000,2465.79,2467.19,2459.05,2465.75,46.555629
1787716800000,2465.75,2472.39,2455.49,2457.17,130.695378
1787720400000,2457.17,2467.81,2451.65,2462.68,88.563395
1787724000000,2462.68,2466.8,2453.53,2457.5,6.927885
1787727600000,2457.5,2467.57,2457.5,2462.76,42.62855
1787731200000,2462.76,2469.2,2454.4,2455.16,22.418027
1787734800000,2455.16,2460.41,2442.85,2448.41,79.14609
1787738400000,2448.41,2474.46,2445.28,2468.85,127.862909
1787742000000,2468.85,2471.69,2457.68,2463.53,33.189593
1787745600000,2463.53,2471.56,2445.28,2455.02,221.458137
1787749200000,2455.02,2462.64,2437.26,2456.75,505.937431
1787752800000,2456.75,2461.41,2441.33,2441.33,136.847283
1787756400000,2441.33,2454.68,2432.51,2450.03,186.913449
1787760000000,2450.03,2456.03,2438.71,2445.23,318.817011
1787763600000,2445.23,2466.04,2444.39,2460.98,292.581386
1787767200000,2460.98,2474,2458.73,2472.79,136.529559
1787770800000,2472.79,2482.99,2468.22,2470.8,295.597347
1787774400000,2470.8,2473.96,2460.37,2472.08,102.010076
1787778000000,2472.08,2504.16,2470.01,2497.03,433.467229
1787781600000,2497.03,2516.02,2490.13,2495.26,184.257245
1787785200000,2495.26,2512.2,2489.12,2507.07,266.274201
1787788800000,2507.07,2510,2492.62,2493.2,347.274175
1787792400000,2493.2,2506.89,2487.6,2498.4,392.377635
1787796000000,2498.4,2504.99,2493.42,2494.54,135.158699
1787799600000,2494.54,2499,2489.06,2492.77,210.235486
1787803200000,2492.77,2495.58,2484.04,2486.56,127.420182
1787806800000,2486.56,2497.55,2482.54,2496.18,24.898439
1787810400000,2496.18,2496.4,2484.43,2493.13,26.100442
1787814000000,2493.13,2499.4,2490.02,2497.75,35.746644
1787817600000,2497.75,2545.39,2497.75,2531.32,756.384122
1787821200000,2531.32,2565.19,2526.22,2534.78,313.651642
1787824800000,2534.78,2539.2,2490.03,2505.38,287.920982
1787828400000,2505.38,2509.55,2494.08,2501.45,206.521494
1787832000000,2501.45,2506.78,2494.35,2494.35,58.736963
1787835600000,2494.35,2505.81,2483.12,2497.61,297.763461
1787839200000,2497.61,2523.94,2490,2517.7,325.420664
1787842800000,2517.7,2533.32,2515.29,2523,437.306204
1787846400000,2523,2532.23,2518.35,2522.63,482.208352
1787850000000,2522.63,2533.86,2517.63,2520.03,154.596032
1787853600000,2520.03,2520.03,2489.3,2505.8,103.694487
1787857200000,2505.8,2513.86,2498.18,2498.48,114.108972
1787860800000,2498.48,2508.7,2495.12,2508.7,96.083831
1787864400000,2508.7,2509.45,2499.55,2504.97,219.239417
1787868000000,2504.97,2516.34,2504.97,2515.68,93.862401
1787871600000,2515.68,2518.85,2510.34,2510.46,81.878866
1787875200000,2510.46,2520.8,2507.52,2516.22,105.084574
1787878800000,2516.22,2535.41,2509.8,2513.22,249.598724
1787882400000,2513.22,2513.22,2488.12,2493.91,60.482302
1787886000000,2493.91,2496.15,2487.33,2491,100.627253
1787889600000,2491,2496.77,2479.51,2487.13,68.098962
1787893200000,2487.13,2497.42,2483.46,2494.53,9.121029
1787896800000,2494.53,2505.4,2494.53,2504.55,107.561514
1787900400000,2504.55,2504.55,2495.17,2496.29,11.312432
1787904000000,2496.29,2503.79,2488.77,2489.49,55.953539
1787907600000,2489.49,2493.42,2485,2489.81,15.95463
1787911200000,2489.81,2508.89,2483.09,2506.64,105.665343
1787914800000,2506.64,2511.39,2503.46,2505.14,73.430691
1787918400000,2505.14,2507.01,2496.27,2498.52,21.078801
1787922000000,2498.52,2517.85,2496.38,2509.61,131.803029
1787925600000,2509.61,2525.81,2470.1,2513.07,285.679324
1787929200000,2513.07,2519.89,2470.88,2470.88,421.566872
1787932800000,2470.88,2473.75,2407.81,2443.91,475.181554
1787936400000,2443.91,2448,2437,2443.65,185.937617
1787940000000,2443.65,2444.72,2418.08,2426.02,119.957637
1787943600000,2426.02,2441.22,2426.02,2435.67,99.104994
1787947200000,2435.67,2436.48,2424.16,2427.2,111.345044
1787950800000,2427.2,2431.78,2420.03,2423.77,254.091406
1787954400000,2423.77,2445.52,2422.73,2442.13,532.634047
1787958000000,2442.13,2442.66,2437.23,2442.66,95.703681
1787961600000,2442.66,2448.3,2441.25,2442.52,98.13593
1787965200000,2442.52,2445,2439.94,2443.72,6.352822
1787968800000,2443.72,2444.8,2435.85,2438.82,31.777226
1787972400000,2438.82,2441.29,2435.18,2435.18,17.889558
1787976000000,2435.18,2440.74,2435.18,2440.72,4.202449
1787979600000,2440.72,2442.13,2438.6,2438.6,6.240736
1787983200000,2438.6,2439.37,2431.08,2435.88,62.637563
1787986800000,2435.88,2438.44,2434.83,2435.98,8.501303
1787990400000,2435.98,2435.98,2432.09,2432.09,0.699526
1787994000000,2432.09,2437.52,2432.09,2435.42,3.955681
1787997600000,2435.42,2438.01,2431.66,2435.82,4.792465
1788001200000,2435.82,2438.06,2434.19,2435.81,11.645727
1788004800000,2435.81,2439.31,2434.06,2434.62,5.025358
1788008400000,2434.62,2436.85,2433.36,2436.85,3.397398
1788012000000,2436.85,2450.01,2435.61,2448.56,123.307047
1788015600000,2448.56,2449.17,2442.19,2444.77,14.249219
1788019200000,2444.77,2457.72,2444.77,2451.25,32.824733
1788022800000,2451.25,2455.55,2446.87,2450.89,2.913583
1788026400000,2450.89,2455.03,2446.61,2452.03,40.551246
1788030000000,2452.03,2458.76,2452.03,2453.35,11.472305
1788033600000,2453.35,2458.47,2452.13,2452.72,52.1652
1788037200000,2452.72,2453.53,2449.22,2450.78,22.615416
1788040800000,2450.78,2453.08,2449.56,2452.42,7.66776
1788044400000,2452.42,2459.64,2452.42,2457.5,8.358695
1788048000000,2457.5,2467.71,2454.53,2460.34,38.473985
1788051600000,2460.34,2460.66,2453.18,2456.68,11.658476
1788055200000,2456.68,2459.08,2454.01,2454.59,21.459835
1788058800000,2454.59,2459.75,2454.59,2457.29,6.900702
1788062400000,2457.29,2458.75,2452.44,2454,21.972874
1788066000000,2454,2459.34,2454,2455.56,33.350462
1788069600000,2455.56,2460.33,2455.08,2459.43,3.59453
1788073200000,2459.43,2460.25,2454.85,2455.61,5.758994
1788076800000,2455.61,2459.34,2454.75,2457.02,10.664458
1788080400000,2457.02,2457.83,2451.97,2455.45,150.468955
1788084000000,2455.45,2459.16,2452.68,2459.16,5.690922
1788087600000,2459.16,2460.98,2456.9,2459.68,7.634321
1788091200000,2459.68,2473.03,2459.67,2467.95,38.3933
1788094800000,2467.95,2477.62,2461.9,2476.47,46.910058
1788098400000,2476.47,2479.2,2471.29,2477.89,22.903367
1788102000000,2477.89,2482.07,2473,2480.68,11.656039
1788105600000,2480.68,2534.82,2479.32,2528.78,273.695998
1788109200000,2528.78,2528.78,2494.59,2505.59,161.003478
1788112800000,2505.59,2517.42,2496.59,2510.63,35.387144
1788116400000,2510.63,2512.65,2498.61,2503.4,47.363973
1788120000000,2503.4,2508.39,2486.28,2490.66,166.812571
1788123600000,2490.66,2490.66,2460.89,2481.89,261.521839
1788127200000,2481.89,2486.99,2462.59,2469.84,124.415991
1788130800000,2469.84,2469.84,2388.04,2418.47,502.761212
1788134400000,2418.47,2438.89,2408.81,2426.88,151.414403
1788138000000,2426.88,2430.45,2412.7,2412.7,69.272359
1788141600000,2412.7,2424.14,2401.61,2407.22,39.398607
1788145200000,2407.22,2423.63,2404.88,2420.87,20.991526
1788148800000,2420.87,2420.87,2411.75,2417.85,21.842688
1788152400000,2417.85,2441.41,2413.87,2437.8,174.116717
1788156000000,2437.8,2444.33,2431.3,2438.41,196.341334
1788159600000,2438.41,2444.45,2436.52,2438.89,30.150135
1788163200000,2438.89,2447.82,2433.63,2446.26,33.891493
1788166800000,2446.26,2455.18,2443.72,2446.23,81.677804
1788170400000,2446.23,2456.6,2440.83,2455.59,82.542008
1788174000000,2455.59,2456.51,2444.31,2445.89,116.786422
1788177600000,2445.89,2460.81,2443.37,2447.93,186.329934
1788181200000,2447.93,2457.99,2438.47,2439.56,97.830383
1788184800000,2439.56,2472.21,2436.79,2466.85,157.082325
1788188400000,2466.85,2477.44,2457.94,2466.92,130.211887
1788192000000,2466.92,2474.85,2461.51,2468.69,126.019954
1788195600000,2468.69,2476.21,2461.02,2474.94,142.793075
1788199200000,2474.94,2489.98,2469.16,2479.28,86.424858
1788202800000,2479.28,2489.12,2477.39,2481.69,92.917888
1788206400000,2481.69,2485.92,2470.35,2472.53,77.61283
1788210000000,2472.53,2482.43,2468.26,2478.34,94.303172
1788213600000,2478.34,2480.22,2467.23,2469.16,51.859197
1788217200000,2469.16,2469.16,2462.37,2466.78,21.875809
1788220800000,2466.78,2476.32,2465.43,2469.96,44.825943
1788224400000,2469.96,2473.67,2457.84,2462.95,15.523725
1788228000000,2462.95,2463.43,2454.57,2463.2,16.778405
1788231600000,2463.2,2480.96,2462.62,2470.77,42.978322
1788235200000,2470.77,2476.94,2469.04,2469.04,10.265517
1788238800000,2469.04,2484.54,2468.6,2482.65,174.668827
1788242400000,2482.65,2482.99,2470.81,2470.81,45.855846
1788246000000,2470.81,2476.49,2466.21,2471.59,28.874797
1788249600000,2471.59,2472.34,2446.48,2447.51,40.229494
1788253200000,2447.51,2454.55,2443.7,2452.37,16.29444
1788256800000,2452.37,2462.77,2448.37,2456.42,82.417179
1788260400000,2456.42,2463.15,2453.43,2458.4,9.265449
1788264000000,2458.4,2458.63,2438.2,2445.98,68.554965
1788267600000,2445.98,2448.56,2428.3,2439.8,298.87711
1788271200000,2439.8,2456.62,2439.8,2448.03,85.742651
1788274800000,2448.03,2453.15,2433.48,2449.63,103.311064
1788278400000,2449.63,2449.63,2419.97,2432.31,189.184013
1788282000000,2432.31,2438.37,2417.03,2417.03,78.120007
1788285600000,2417.03,2420.72,2383.06,2412.41,226.077112
1788289200000,2412.41,2423.41,2411.53,2417.61,79.50306
1788292800000,2417.61,2421.95,2411.95,2419.94,305.767595
1788296400000,2419.94,2421.28,2399.33,2413.96,370.936909
1788300000000,2413.96,2416.99,2404.57,2411.61,68.680741
1788303600000,2411.61,2425,2410.46,2417.74,65.62669
1788307200000,2417.74,2420.6,2405.04,2409.14,97.510659
1788310800000,2409.14,2413.6,2386.34,2398.4,94.302177
1788314400000,2398.4,2408.84,2393.7,2408.37,42.721793
1788318000000,2408.37,2422.88,2408.33,2411.43,77.824177
1788321600000,2411.43,2415.05,2404.94,2413.81,28.440631
1788325200000,2413.81,2423,2409.21,2421.67,38.107312
1788328800000,2421.67,2423.44,2414.5,2417.44,86.003679
1788332400000,2417.44,2426.67,2416.66,2416.66,66.06317
1788336000000,2416.66,2417.86,2390.18,2392.38,21.677089
1788339600000,2392.38,2398.92,2367.42,2375.1,177.45117
1788343200000,2375.1,2375.54,2356.28,2367.78,115.90077
1788346800000,2367.78,2380.84,2367.28,2380.84,108.390988
1788350400000,2380.84,2388.65,2375.91,2376.48,60.253364
1788354000000,2376.48,2416.55,2376.48,2401.46,143.41176
1788357600000,2401.46,2409.26,2392.91,2392.98,46.220605
1788361200000,2392.98,2397.47,2379.29,2388.22,240.33209
1788364800000,2388.22,2402.41,2383.74,2387.24,172.680608
1788368400000,2387.24,2392.8,2371.76,2392.8,108.923059
1788372000000,2392.8,2399.19,2390.5,2394.31,150.735966
1788375600000,2394.31,2395.88,2383.07,2391.75,20.075371
1788379200000,2391.75,2398.46,2385.96,2393.25,32.54115
1788382800000,2393.25,2393.78,2388.71,2390.04,27.228868
1788386400000,2390.04,2390.04,2378.38,2378.92,53.891022
1788390000000,2378.92,2392.75,2377.13,2392.75,20.620173
1788393600000,2392.75,2394.64,2378.62,2380.81,65.538126
1788397200000,2380.81,2393.32,2370.05,2386.23,64.594571
1788400800000,2386.23,2408.84,2383.39,2404.18,80.459984
1788404400000,2404.18,2408.87,2398.84,2401.58,17.792748
1788408000000,2401.58,2406.84,2396.07,2405.62,37.380047
1788411600000,2405.62,2409,2378.4,2404,142.872447
1788415200000,2404,2407.82,2400.44,2407.3,132.960611
1788418800000,2407.3,2417.59,2395.08,2398.36,59.035612
1788422400000,2398.36,2408.55,2398.36,2402.81,38.021093
1788426000000,2402.81,2406.35,2392.82,2392.84,69.791807
1788429600000,2392.84,2396.82,2388.57,2395.77,21.129723
1788433200000,2395.77,2409,2395.11,2407.26,94.33347
1788436800000,2407.26,2425.02,2404.78,2423.39,36.537947
1788440400000,2423.39,2434.04,2415.77,2429.47,24.983701
1788444000000,2429.47,2490.06,2425.76,2489.65,309.798061
1788447600000,2489.65,2517.45,2480.15,2517.43,298.19342
1788451200000,2517.43,2519.43,2489.05,2494.72,225.324953
1788454800000,2494.72,2505.93,2492.09,2500.73,282.57427
1788458400000,2500.73,2513.8,2498.98,2513.31,288.986377
1788462000000,2513.31,2529.25,2508.56,2518.13,315.603104
1788465600000,2518.13,2518.71,2502.86,2505.48,50.939337
1788469200000,2505.48,2525,2501.06,2511.96,357.556947
1788472800000,2511.96,2511.96,2490.9,2497.03,115.946676
1788476400000,2497.03,2509.12,2495.54,2508.31,96.07146
1788480000000,2508.31,2515.25,2502,2502,185.688562
1788483600000,2502,2508.2,2497.98,2507.66,59.820078
1788487200000,2507.66,2507.66,2498.6,2506.26,55.128501
1788490800000,2506.26,2517.6,2504.8,2504.8,106.489324
1788494400000,2504.8,2524.76,2502.85,2509.29,272.323932
1788498000000,2509.29,2515.84,2504.78,2509.25,122.671245
1788501600000,2509.25,2517.18,2501.64,2506.85,29.176277
1788505200000,2506.85,2515.81,2504.14,2504.14,11.801393
1788508800000,2504.14,2535.36,2504,2524.34,539.12369
1788512400000,2524.34,2546.99,2520.01,2520.79,184.726464
1788516000000,2520.79,2527.75,2514.75,2526.63,78.497216
1788519600000,2526.63,2526.85,2520.2,2522.83,50.530397
1788523200000,2522.83,2529.96,2435.15,2453.45,611.871322
1788526800000,2453.45,2462.07,2436.66,2456.12,96.186122
1788530400000,2456.12,2457.03,2431.14,2441.16,82.720986
1788534000000,2441.16,2458.4,2439.39,2452.07,185.190146
1788537600000,2452.07,2463.97,2450.49,2460.65,58.802239
1788541200000,2460.65,2460.65,2443.28,2445.62,103.655035
1788544800000,2445.62,2452.59,2445.14,2450.73,24.974553
1788548400000,2450.73,2458.3,2450.73,2456.67,17.241714
1788552000000,2456.67,2458.86,2451.2,2451.69,73.27504
1788555600000,2451.69,2457.68,2451.58,2453.22,37.581575
1788559200000,2453.22,2455.32,2451.22,2451.97,50.077457
1788562800000,2451.97,2456.83,2450.75,2456.7,17.537808
1788566400000,2456.7,2457.38,2452.04,2452.82,25.294943
1788570000000,2452.82,2457.01,2452.16,2452.4,57.97411
1788573600000,2452.4,2453.86,2450.2,2453.7,102.635556
1788577200000,2453.7,2456.04,2451.31,2453.07,62.697265
1788580800000,2453.07,2453.48,2448.83,2449.38,11.627574
1788584400000,2449.38,2452.81,2445.01,2451.33,48.725011
1788588000000,2451.33,2455.28,2450.93,2453.92,20.061872
1788591600000,2453.92,2459.85,2453.62,2458.03,18.557616
1788595200000,2458.03,2458.11,2453.48,2457.02,53.617395
1788598800000,2457.02,2460,2456.96,2458.52,22.423732
1788602400000,2458.52,2458.86,2453.97,2454.32,20.762781
1788606000000,2454.32,2456.39,2453.38,2453.85,16.777039
1788609600000,2453.85,2461.58,2453.85,2459.57,38.470693
1788613200000,2459.57,2461.52,2451.48,2453.95,23.253629
1788616800000,2453.95,2458.88,2453.95,2458.88,35.609855
1788620400000,2458.88,2460.29,2456.35,2459.73,38.089692
1788624000000,2459.73,2474.71,2459.03,2470.31,155.812152
1788627600000,2470.31,2484.86,2470.31,2480.5,197.536904
1788631200000,2480.5,2482.2,2476.63,2480.71,5.438489
1788634800000,2480.71,2482.79,2473.46,2477.14,62.580131
1788638400000,2477.14,2483.72,2475.61,2477.9,58.807451
1788642000000,2477.9,2492.6,2477.02,2488.97,106.470506
1788645600000,2488.97,2490.45,2479.61,2481.58,75.54444
1788649200000,2481.58,2484.13,2478.35,2480.22,43.47265
1788652800000,2480.22,2492.24,2479.73,2491.61,64.488259
1788656400000,2491.61,2508.04,2490.01,2505.83,256.064349
1788660000000,2505.83,2510.61,2499.68,2503.49,135.322734
1788663600000,2503.49,2514.52,2500.33,2509.94,178.111682
1788667200000,2509.94,2510.01,2500.15,2503.98,42.186602
1788670800000,2503.98,2523.78,2501.36,2511.68,96.167568
1788674400000,2511.68,2512.36,2503.47,2505.95,42.111229
1788678000000,2505.95,2507.69,2484.96,2496.98,167.852544
1788681600000,2496.98,2500.01,2492,2495.99,15.690954
1788685200000,2495.99,2503.08,2494.18,2498.79,12.41323
1788688800000,2498.79,2502.55,2498.21,2501.97,27.280306
1788692400000,2501.97,2504.62,2499.63,2502,75.543231
1788696000000,2502,2505,2497.52,2500.49,88.709019
1788699600000,2500.49,2500.67,2486.75,2494.69,127.270843
1788703200000,2494.69,2494.92,2465.34,2478.54,316.083631
1788706800000,2478.54,2482.78,2470.74,2480.11,45.67371
1788710400000,2480.11,2486.28,2475.57,2484.6,39.636435
1788714000000,2484.6,2494.51,2481.26,2492.79,100.659919
1788717600000,2492.79,2499.49,2491.92,2494.81,23.046538
1788721200000,2494.81,2494.81,2489.83,2489.83,11.34237
1788724800000,2489.83,2499.86,2488.94,2498.99,18.91934
1788728400000,2498.99,2515.73,2498.99,2507.21,212.919046
1788732000000,2507.21,2510.57,2490.65,2508.13,140.05084
1788735600000,2508.13,2525.2,2508.13,2515.18,114.207364
1788739200000,2515.18,2520.82,2510,2512.79,24.422395
1788742800000,2512.79,2516.05,2500.65,2504.08,96.951937
1788746400000,2504.08,2535.34,2498.75,2512.19,192.377587
1788750000000,2512.19,2514.77,2496.8,2497.44,25.278656
1788753600000,2497.44,2499.46,2492.66,2496.01,75.191779
1788757200000,2496.01,2513.46,2496.01,2503.98,84.057559
1788760800000,2503.98,2509.8,2498.01,2498.01,60.421855
1788764400000,2498.01,2500.41,2476.48,2486.05,79.021986
1788768000000,2486.05,2493.61,2486.05,2491.37,107.136411
1788771600000,2491.37,2496.68,2485.25,2485.85,75.323834
1788775200000,2485.85,2492.03,2484.74,2490.91,92.782669
1788778800000,2490.91,2492.19,2487.84,2490.01,30.251751
1788782400000,2490.01,2506.68,2489.05,2506.68,38.742447
1788786000000,2506.68,2510.46,2496.83,2498.34,43.571196
1788789600000,2498.34,2498.91,2477.14,2489.09,132.013651
1788793200000,2489.09,2489.73,2467.15,2469.93,72.126663
1788796800000,2469.93,2481.79,2466.18,2479.68,271.563872
1788800400000,2479.68,2497.75,2479.68,2494.88,8.857701
1788804000000,2494.88,2496.78,2486.78,2491.9,52.536667
1788807600000,2491.9,2497.4,2489.2,2494.96,11.257913
1788811200000,2494.96,2496.64,2487.31,2494.22,30.139504
1788814800000,2494.22,2496.58,2490.3,2491.43,34.349969
1788818400000,2491.43,2491.83,2477.22,2481.19,131.088343
1788822000000,2481.19,2492,2481.19,2489.55,32.743591
1788825600000,2489.55,2495.27,2482.78,2495.27,200.870443
1788829200000,2495.27,2504.94,2493.27,2501.41,56.678834
1788832800000,2501.41,2507,2485.16,2485.16,27.426976
1788836400000,2485.16,2487.32,2477.74,2484.58,27.677475
1788840000000,2484.58,2485.31,2477.59,2479.37,83.874758
1788843600000,2479.37,2483.4,2472.43,2472.43,165.442752
1788847200000,2472.43,2476.21,2462.1,2466.66,98.561308
1788850800000,2466.66,2484.55,2466.66,2479.55,105.081574
1788854400000,2479.55,2482.22,2470.2,2476.38,137.614814
1788858000000,2476.38,2494.99,2474.99,2490.65,144.152158
1788861600000,2490.65,2499.2,2479.16,2479.16,235.326636
1788865200000,2479.16,2480.13,2471.32,2474.4,90.465962
1788868800000,2474.4,2475.35,2467.51,2471.44,62.184275
1788872400000,2471.44,2474.46,2440.99,2458.1,215.557162
1788876000000,2458.1,2485.74,2456.16,2485.74,107.435768
1788879600000,2485.74,2501.08,2480.38,2498.17,248.008934
1788883200000,2498.17,2505.04,2487.71,2495.98,133.703581
1788886800000,2495.98,2502.38,2488.32,2488.57,153.904981
1788890400000,2488.57,2506.4,2477.46,2487.54,265.140885
1788894000000,2487.54,2491.55,2476.51,2478.53,359.89881
1788897600000,2478.53,2491.33,2478.53,2482.96,89.686641
1788901200000,2482.96,2486.92,2478.89,2481.86,52.951126
1788904800000,2481.86,2489.41,2481.86,2489.41,110.881194
1788908400000,2489.41,2490.36,2483.08,2484.64,64.282262
1788912000000,2484.64,2497,2484.64,2495.48,27.8383
1788915600000,2495.48,2499.52,2489.45,2496.6,97.274913
1788919200000,2496.6,2499.53,2489.88,2494.17,108.190151
1788922800000,2494.17,2494.17,2486.9,2490.11,38.735666
1788926400000,2490.11,2513.15,2489.8,2508.55,170.571011
1788930000000,2508.55,2510.21,2491.09,2495.86,121.367963
1788933600000,2495.86,2504.5,2494.73,2500.83,8.415624
1788937200000,2500.83,2515.9,2499.87,2509.45,32.580351
1788940800000,2509.45,2521.13,2509.45,2519.72,74.354835
1788944400000,2519.72,2519.72,2490.29,2491.19,50.450416
1788948000000,2491.19,2494.08,2482.82,2486.78,73.653851
1788951600000,2486.78,2503.93,2481.79,2500.63,221.960659
1788955200000,2500.63,2513,2498.41,2510,137.179296
1788958800000,2510,2520,2500.19,2500.65,221.152622
1788962400000,2500.65,2513.32,2495.58,2497.71,102.422187
1788966000000,2497.71,2510.65,2470.52,2490.42,171.416993
1788969600000,2490.42,2498.81,2484.86,2495.25,73.993847
1788973200000,2495.25,2499.11,2488.73,2494.42,61.590101
1788976800000,2494.42,2494.42,2481.85,2482.88,36.302398
1788980400000,2482.88,2484.43,2462.9,2463.62,135.040961
1788984000000,2463.62,2471.73,2455.52,2468.98,177.518015
1788987600000,2468.98,2471.79,2456.78,2461.54,57.88251
1788991200000,2461.54,2462.38,2443.75,2450.03,153.547463
1788994800000,2450.03,2468.2,2450.03,2467.41,123.295481
1788998400000,2467.41,2470,2462.3,2464.89,145.30187
1789002000000,2464.89,2479.2,2455.04,2463.75,165.917477
1789005600000,2463.75,2475.11,2459.14,2474.64,32.149577
1789009200000,2474.64,2478.14,2471.21,2474.45,116.576621
1789012800000,2474.45,2479.54,2474.14,2478.39,60.568119
1789016400000,2478.39,2482,2472.91,2481.15,103.014924
1789020000000,2481.15,2483.03,2472.35,2479.67,22.180348
1789023600000,2479.67,2479.67,2464.1,2470,34.161249
1789027200000,2470,2473.93,2468.43,2470.19,45.164416
1789030800000,2470.19,2476.12,2465.41,2468.31,19.737815
1789034400000,2468.31,2470.46,2462.06,2464.06,13.3009
1789038000000,2464.06,2469.07,2457.57,2462.16,70.586895
1789041600000,2462.16,2464.51,2408.21,2412.83,623.936601
1789045200000,2412.83,2435.72,2405.2,2434.94,196.972166
1789048800000,2434.94,2444.95,2427.84,2442.98,337.947318
1789052400000,2442.98,2443.09,2431.83,2439.8,178.84398
1789056000000,2439.8,2447.42,2431.68,2446.13,91.533596
1789059600000,2446.13,2474.53,2446.13,2465.69,421.056472
1789063200000,2465.69,2467.87,2454.43,2466.2,63.561821
1789066800000,2466.2,2471.33,2459.77,2461.43,130.154965
1789070400000,2461.43,2467.82,2460.8,2460.8,105.199025
1789074000000,2460.8,2462.66,2458.26,2459.23,43.321728
1789077600000,2459.23,2461.29,2444.13,2444.17,47.040957
1789081200000,2444.17,2446.66,2435.4,2437.29,99.559445
1789084800000,2437.29,2457.35,2437.29,2455.96,108.952267
1789088400000,2455.96,2458.8,2445.44,2453.23,77.312977
1789092000000,2453.23,2453.9,2444.44,2445.81,26.907017
1789095600000,2445.81,2446.63,2439.49,2445.38,26.062014
1789099200000,2445.38,2462.82,2445.38,2459.37,23.150254
1789102800000,2459.37,2467.03,2456.82,2467.03,81.789587
1789106400000,2467.03,2469.73,2463.53,2466.15,22.302957
1789110000000,2466.15,2472.55,2465.78,2466.23,71.56567
1789113600000,2466.23,2480.39,2463.42,2476.1,119.566933
1789117200000,2476.1,2476.13,2463.53,2467.41,16.958818
1789120800000,2467.41,2473.4,2463.41,2463.48,26.675206
1789124400000,2463.48,2463.48,2452.24,2457.79,54.757471
1789128000000,2457.79,2513.21,2434.02,2510.21,790.343302
1789131600000,2510.21,2644.86,2492.38,2630.81,1560.861607
1789135200000,2630.81,2665.66,2594.25,2608.38,1482.313586
1789138800000,2608.38,2616.36,2545.48,2560.4,350.66496
1789142400000,2560.4,2583.65,2546.97,2578.8,484.734945
1789146000000,2578.8,2581.88,2564.52,2567.56,174.696483
1789149600000,2567.56,2567.56,2531.59,2536.16,499.959617
1789153200000,2536.16,2548.02,2532.29,2540.31,158.653097
1789156800000,2540.31,2547.42,2523.05,2530.87,270.926301
1789160400000,2530.87,2539.89,2514,2514,90.32747
1789164000000,2514,2523.51,2505.56,2511.57,784.277781
1789167600000,2511.57,2516.08,2508.56,2515.02,31.224942
1789171200000,2515.02,2516.88,2511.03,2511.47,65.300146
1789174800000,2511.47,2517,2509.27,2514.56,76.718912
1789178400000,2514.56,2515.53,2512.43,2515.04,131.018786
1789182000000,2515.04,2515.93,2510,2513.85,17.195073
1789185600000,2513.85,2514.85,2509.94,2513.09,39.626035
1789189200000,2513.09,2513.09,2509.19,2511.76,23.438317
1789192800000,2511.76,2521.82,2510.56,2519.26,67.831711
1789196400000,2519.26,2524.8,2519.26,2524.06,27.084304
1789200000000,2524.06,2536.3,2522.95,2532.99,49.146155
1789203600000,2532.99,2536.85,2529.61,2530.43,67.380345
1789207200000,2530.43,2534.6,2530.43,2534.03,90.110353
1789210800000,2534.03,2536.59,2530.99,2536.02,28.105347
1789214400000,2536.02,2536.15,2532.91,2534,52.76775
1789218000000,2534,2544.57,2534,2544.2,346.566422
1789221600000,2544.2,2544.74,2539.42,2539.42,64.485479
1789225200000,2539.42,2542.2,2532.62,2535.08,236.047321
1789228800000,2535.08,2536.12,2530.23,2530.55,31.29659
1789232400000,2530.55,2534.32,2525.2,2525.23,34.218286
1789236000000,2525.23,2527.2,2520.33,2522.08,184.449098
1789239600000,2522.08,2522.64,2514.74,2519.14,119.088243
1789243200000,2519.14,2523.4,2519.01,2519.99,55.094387
1789246800000,2519.99,2528.01,2519.52,2523.82,98.611542
1789250400000,2523.82,2525.37,2520.01,2522.39,108.549048
1789254000000,2522.39,2526.08,2522.39,2525.67,22.629617
1789257600000,2525.67,2526.6,2523.6,2524.78,40.940981
1789261200000,2524.78,2526.93,2522.15,2525.71,22.970682
1789264800000,2525.71,2525.71,2521.02,2521.26,36.821473
1789268400000,2521.26,2522.2,2519.3,2520.42,76.244521
1789272000000,2520.42,2522.75,2517.99,2519.83,68.561464
1789275600000,2519.83,2523.57,2519.83,2522.73,10.462921
1789279200000,2522.73,2522.73,2511.46,2511.61,21.421354
1789282800000,2511.61,2519.51,2511.61,2517.47,30.438685
1789286400000,2517.47,2519.2,2488.39,2491.96,153.717207
1789290000000,2491.96,2496.09,2469.87,2484.6,153.505605
1789293600000,2484.6,2485.15,2470.09,2471.56,68.335987
1789297200000,2471.56,2481.58,2468,2480.41,48.640379
1789300800000,2480.41,2482.94,2475.24,2477.56,38.092428
1789304400000,2477.56,2481.42,2462.39,2477.94,146.803884
1789308000000,2477.94,2495.03,2477.94,2492.39,45.614108
1789311600000,2492.39,2492.43,2483.1,2490.6,35.687019
1789315200000,2490.6,2505.22,2490.6,2504.68,93.368721
1789318800000,2504.68,2512.28,2502.88,2504.62,25.190922
1789322400000,2504.62,2509.01,2504.28,2508.91,11.403387
1789326000000,2508.91,2514,2503.49,2505.43,32.127082
1789329600000,2505.43,2514.2,2505.43,2512.97,5.340396
1789333200000,2512.97,2515.37,2508.07,2508.07,14.520196
1789336800000,2508.07,2508.07,2471.57,2474.74,251.538617
1789340400000,2474.74,2479.83,2470.85,2476.42,45.367029
1789344000000,2476.42,2490.08,2464.46,2483.49,121.893062
1789347600000,2483.49,2492.35,2472.94,2492.35,43.142608
1789351200000,2492.35,2511.84,2490.42,2509.78,7.057491
1789354800000,2509.78,2518.42,2506.6,2510.95,21.599809
1789358400000,2510.95,2517.09,2510.51,2512.83,128.811356
1789362000000,2512.83,2513.95,2509.93,2511.24,16.558831
1789365600000,2511.24,2525.48,2507.7,2514.68,28.626743
1789369200000,2514.68,2524.67,2512.52,2521.66,58.194692
1789372800000,2521.66,2530.68,2516.83,2516.83,90.239678
1789376400000,2516.83,2532.61,2511.36,2522.19,20.389451
1789380000000,2522.19,2522.19,2512.22,2512.22,13.71659
1789383600000,2512.22,2515.22,2505.45,2508.07,38.986478
1789387200000,2508.07,2516.69,2502.22,2503.32,61.512146
1789390800000,2503.32,2516.99,2488.75,2500.65,146.94498
1789394400000,2500.65,2515.16,2495.46,2500,81.975236
1789398000000,2500,2511.42,2497.57,2508.73,145.306001
1789401600000,2508.73,2536.19,2504.81,2528.38,131.211356
1789405200000,2528.38,2534.77,2522.65,2532.94,64.621087
1789408800000,2532.94,2543.75,2530.62,2538.53,50.159686
1789412400000,2538.53,2549.34,2534.99,2539.96,159.893989
1789416000000,2539.96,2615.21,2539.96,2570.04,411.102331
1789419600000,2570.04,2570.04,2540.32,2548.39,398.411808
1789423200000,2548.39,2555.73,2532.34,2533.15,59.593444
1789426800000,2533.15,2533.87,2514.08,2514.31,118.461587
1789430400000,2514.31,2516.97,2507.26,2515,63.25701
1789434000000,2515,2518.66,2508.12,2515.42,56.133176
1789437600000,2515.42,2519.44,2510.52,2511.87,14.373624
1789441200000,2511.87,2511.87,2495.61,2497.81,26.823123
1789444800000,2497.81,2499.78,2489.87,2490.81,52.915476
1789448400000,2490.81,2496.8,2479,2496.8,50.578029
1789452000000,2496.8,2499.39,2481.87,2484.78,26.599173
1789455600000,2484.78,2484.9,2469.92,2473.09,141.951716
1789459200000,2473.09,2475.37,2464.61,2474.99,95.556246
1789462800000,2474.99,2478.96,2472.5,2476.56,9.481146
1789466400000,2476.56,2484.92,2471,2483.11,55.802113
1789470000000,2483.11,2487.33,2472.29,2475.89,72.497953
1789473600000,2475.89,2485.46,2474.57,2479.23,37.272623
1789477200000,2479.23,2485.44,2433.97,2450,430.920706
1789480800000,2450,2455.28,2390,2407.81,175.591968
1789484400000,2407.81,2429.44,2398.88,2425.71,79.380282
1789488000000,2425.71,2425.71,2412.06,2421.3,131.901241
1789491600000,2421.3,2446.02,2412.23,2439.9,40.052764
1789495200000,2439.9,2441.42,2360,2401.15,1033.327499
1789498800000,2401.15,2418.73,2399,2413.8,455.388449
1789502400000,2413.8,2415.64,2394.95,2405.67,319.707231
1789506000000,2405.67,2406.14,2388.28,2388.28,354.076632
1789509600000,2388.28,2400.02,2380.46,2395.45,115.373405
1789513200000,2395.45,2410.92,2395.45,2396.49,63.647739
1789516800000,2396.49,2404,2396.05,2399.2,66.404169
1789520400000,2399.2,2405.66,2389.35,2390.43,53.265776
1789524000000,2390.43,2408.79,2388.41,2401.39,97.132861
1789527600000,2401.39,2409.75,2399.3,2401.17,74.29396
1789531200000,2401.17,2408.23,2400.52,2402.49,32.675908
1789534800000,2402.49,2405.7,2393.03,2404.73,24.727828
1789538400000,2404.73,2406.9,2393,2404.72,22.419537
1789542000000,2404.72,2407.81,2395.66,2396.6,19.977814
1789545600000,2396.6,2401.44,2384.65,2401.44,29.191968
1789549200000,2401.44,2405,2397.49,2402.31,16.546586
1789552800000,2402.31,2405.11,2396.39,2404.08,32.22729
1789556400000,2404.08,2427.86,2401.91,2420.88,63.82001
1789560000000,2420.88,2420.88,2401.65,2403.92,43.994415
1789563600000,2403.92,2404.17,2389.95,2392.19,51.794481
1789567200000,2392.19,2396.59,2378.5,2386.88,134.836721
1789570800000,2386.88,2398.1,2383.08,2392.79,40.124925
1789574400000,2392.79,2396.89,2387.1,2391.93,31.585393
1789578000000,2391.93,2392.42,2370.39,2388.54,74.603722
1789581600000,2388.54,2427.89,2367.84,2395.52,563.523784
1789585200000,2395.52,2415.02,2380.05,2407.4,140.316301
1789588800000,2407.4,2415.08,2403.2,2409.34,36.522824
1789592400000,2409.34,2411.12,2398.84,2404.72,21.731374
1789596000000,2404.72,2404.72,2387.77,2390.27,45.871089
1789599600000,2390.27,2419.92,2389.24,2415.99,91.823235
1789603200000,2415.99,2425,2415.04,2416.92,21.841822
1789606800000,2416.92,2442.68,2412.29,2425.7,136.830753
1789610400000,2425.7,2431.18,2414.28,2426.47,74.391185
1789614000000,2426.47,2436.37,2426.43,2433.38,78.263811
1789617600000,2433.38,2440.43,2424.05,2439.98,31.3703
1789621200000,2439.98,2443.25,2434,2435.83,52.264506
1789624800000,2435.83,2443.75,2434.72,2439.06,6.688916
1789628400000,2439.06,2451.71,2439.06,2441.17,81.103
1789632000000,2441.17,2444.32,2435.13,2443.38,78.792026
1789635600000,2443.38,2446.27,2436.21,2438.22,37.337811
1789639200000,2438.22,2438.22,2428.21,2433,53.736395
1789642800000,2433,2440.09,2426.04,2438.16,35.142965
1789646400000,2438.16,2477.31,2438.16,2458.05,240.667557
1789650000000,2458.05,2462.19,2430.81,2459.86,193.699908
1789653600000,2459.86,2480.73,2450.82,2460.94,211.51038
1789657200000,2460.94,2473.75,2446.4,2467.61,72.499737
1789660800000,2467.61,2470.9,2454.65,2467.92,62.793958
1789664400000,2467.92,2474.37,2458.71,2460.67,116.350134
1789668000000,2460.67,2461.3,2448.41,2450.94,36.335438
1789671600000,2450.94,2453.33,2443.6,2448.16,43.794726
1789675200000,2448.16,2457.05,2446.17,2451.05,18.917431
1789678800000,2451.05,2454.32,2446.29,2446.5,35.816271
1789682400000,2446.5,2448.02,2435.84,2443.93,107.087726
1789686000000,2443.93,2448.85,2443.04,2446.4,78.938713
1789689600000,2446.4,2446.72,2436.47,2446.72,48.944878
1789693200000,2446.72,2457.34,2444.23,2457.24,183.034406
1789696800000,2457.24,2464.14,2451.39,2461.6,92.864991
1789700400000,2461.6,2482.49,2460.15,2477.52,254.227379
1789704000000,2477.52,2480.2,2468.73,2479.18,78.53493
1789707600000,2479.18,2491.23,2475.66,2480.12,147.344586
1789711200000,2480.12,2487.18,2480.12,2487.18,84.632833
1789714800000,2487.18,2495.88,2485.82,2487.56,130.365843
1789718400000,2487.56,2503.17,2485.08,2501.98,97.322198
1789722000000,2501.98,2519.12,2500.36,2506.11,275.80556
1789725600000,2506.11,2519.2,2506.11,2512.92,129.579341
1789729200000,2512.92,2516.6,2498.27,2507.98,80.405269
1789732800000,2507.98,2508.63,2497.88,2500.43,103.364565
1789736400000,2500.43,2575,2494.5,2550.24,296.25643
1789740000000,2550.24,2585,2550.24,2582.04,433.365945
1789743600000,2582.04,2595.88,2566.96,2581.38,260.984014
1789747200000,2581.38,2608.52,2579.21,2596.16,304.103011
1789750800000,2596.16,2608.84,2584.96,2608.07,314.248106
1789754400000,2608.07,2625,2602.05,2611.95,279.245245
1789758000000,2611.95,2644.99,2611.21,2638.65,310.892784
1789761600000,2638.65,2639.61,2623.17,2631.73,409.324133
1789765200000,2631.73,2639.11,2625.48,2626.51,168.814578
1789768800000,2626.51,2634.34,2617.86,2619.29,63.71134
1789772400000,2619.29,2622.09,2608.62,2611.96,88.157814
1789776000000,2611.96,2626.37,2607,2626.37,189.239083
1789779600000,2626.37,2626.7,2602.2,2613.48,47.053201
1789783200000,2613.48,2622.73,2611.86,2622.59,37.774571
1789786800000,2622.59,2631.03,2619.6,2619.88,23.300614
1789790400000,2619.88,2625.7,2612.75,2619,39.403041
1789794000000,2619,2632.26,2619,2628.28,25.66979
1789797600000,2628.28,2628.98,2620.17,2626.87,7.658643
1789801200000,2626.87,2632.8,2621.55,2626.4,132.864554
1789804800000,2626.4,2659.98,2623.47,2645.63,193.793852
1789808400000,2645.63,2657.78,2632.8,2641.02,80.522876
1789812000000,2641.02,2644.41,2636.56,2637.29,21.381178
1789815600000,2637.29,2641.98,2636.05,2639.1,34.121766
1789819200000,2639.1,2643.56,2637.2,2641,39.532665
1789822800000,2641,2642.48,2629.55,2637.59,68.937444
1789826400000,2637.59,2643.03,2635.83,2638.04,65.573415
1789830000000,2638.04,2648.54,2637.08,2640.24,31.147778
1789833600000,2640.24,2650.46,2636.65,2649.49,30.797886
1789837200000,2649.49,2670.16,2642,2646.54,37.104663
1789840800000,2646.54,2646.96,2635.25,2637.66,40.140788
1789844400000,2637.66,2640.26,2631.78,2634.25,39.124342
1789848000000,2634.25,2640.12,2631.83,2634.56,47.47926
1789851600000,2634.56,2638.09,2616.98,2628.64,49.106848
1789855200000,2628.64,2631.2,2618.81,2630.07,33.39466
1789858800000,2630.07,2637.24,2629.29,2631.81,19.491557
1789862400000,2631.81,2632.46,2625.19,2625.71,70.927076
1789866000000,2625.71,2626.81,2613.1,2618.08,53.108309
1789869600000,2618.08,2623.18,2569.28,2570.83,150.125285
1789873200000,2570.83,2588.94,2565,2587.16,97.725756
1789876800000,2587.16,2587.51,2575.8,2579.94,43.715791
1789880400000,2579.94,2584.29,2573.99,2577.44,42.114047
1789884000000,2577.44,2584.79,2570.07,2573.86,53.89334
1789887600000,2573.86,2577.55,2571.8,2576.24,32.414356
1789891200000,2576.24,2583.27,2569.79,2573.6,17.947505
1789894800000,2573.6,2585.74,2573.6,2581.39,40.354916
1789898400000,2581.39,2581.39,2570.4,2570.53,14.944208
1789902000000,2570.53,2579.62,2568.05,2577.44,45.718132
1789905600000,2577.44,2582.6,2571.58,2579.44,29.349096
1789909200000,2579.44,2583.78,2575.66,2580.05,31.075415
1789912800000,2580.05,2587,2573.48,2585.33,57.657279
1789916400000,2585.33,2611.92,2585.33,2611.68,103.348956
1789920000000,2611.68,2645.58,2606.42,2639.92,183.843694
1789923600000,2639.92,2648.61,2618.15,2625.22,277.095426
1789927200000,2625.22,2639.16,2622.43,2626.67,43.60043
1789930800000,2626.67,2638.48,2625.32,2632.08,39.858447
1789934400000,2632.08,2641.72,2629.97,2634.37,72.422511
1789938000000,2634.37,2634.39,2610,2628.64,41.108989
1789941600000,2628.64,2645.94,2624.85,2638.84,242.538255
1789945200000,2638.84,2647.91,2632.21,2643.68,33.965997
1789948800000,2643.68,2708.63,2643.68,2690.96,242.785397
1789952400000,2690.96,2700.31,2644.39,2647.3,73.645165
1789956000000,2647.3,2668.19,2645.32,2660.27,38.164657
1789959600000,2660.27,2672.9,2660.17,2665,42.858001
1789963200000,2665,2668.48,2652.95,2664.95,53.12812
1789966800000,2664.95,2674.05,2659.22,2664.77,48.107063
1789970400000,2664.77,2677.62,2654.95,2661.23,57.600123
1789974000000,2661.23,2665.32,2646.76,2655.53,19.683817
1789977600000,2655.53,2711.2,2655.53,2697.47,199.042241
1789981200000,2697.47,2747.81,2692.61,2717.31,207.721868
1789984800000,2717.31,2724.31,2708.76,2716.02,45.865071
1789988400000,2716.02,2727.67,2715.3,2724,32.279185
1789992000000,2724,2739.34,2719.22,2738.95,132.307639
1789995600000,2738.95,2742.77,2717.74,2730.43,149.096446
1789999200000,2730.43,2754.99,2711.14,2735.33,191.304026
1790002800000,2735.33,2764.99,2728.85,2756.42,203.544542
1790006400000,2756.42,2768.75,2744.19,2755,164.486183
1790010000000,2755,2757.91,2736.22,2743.23,88.792345
1790013600000,2743.23,2757.4,2740.65,2757.4,93.270027
1790017200000,2757.4,2776.66,2755.43,2762.42,67.04672
1790020800000,2762.42,2807.27,2762.38,2784.56,301.008871
1790024400000,2784.56,2784.56,2763.5,2769.99,80.310157
1790028000000,2769.99,2782.69,2767.25,2778.8,52.051314
1790031600000,2778.8,2786.97,2767.25,2777.09,63.313205
1790035200000,2777.09,2777.09,2752.35,2753.59,156.461741
1790038800000,2753.59,2754.82,2737.69,2747.53,132.739835
1790042400000,2747.53,2748.79,2736.69,2740.94,58.970254
1790046000000,2740.94,2742.13,2726.29,2738.85,67.278967
1790049600000,2738.85,2741.29,2726.69,2727.57,40.807688
1790053200000,2727.57,2737.32,2716.48,2732.83,38.632863
1790056800000,2732.83,2735.01,2725.41,2730.37,65.707948
1790060400000,2730.37,2732.76,2723.43,2724.61,27.166068
1790064000000,2724.61,2752.98,2721.42,2749.28,30.773063
1790067600000,2749.28,2751.57,2731.37,2751.17,110.209663
1790071200000,2751.17,2751.17,2737.04,2743.3,39.212371
1790074800000,2743.3,2746.92,2737.96,2741.96,38.144566
1790078400000,2741.96,2755.77,2736.29,2755.4,68.693449
1790082000000,2755.4,2763.67,2740.82,2757.85,98.695171
1790085600000,2757.85,2758.89,2715.94,2741.53,192.87433
1790089200000,2741.53,2753.37,2737.03,2742.09,57.558246
1790092800000,2742.09,2750,2730.15,2746.26,63.407956
1790096400000,2746.26,2759.07,2744.42,2754.65,99.7001
1790100000000,2754.65,2756.72,2744.06,2752.88,89.284061
1790103600000,2752.88,2763.32,2745.5,2749.62,45.770287
1790107200000,2749.62,2758.46,2747.88,2751.53,54.363939
1790110800000,2751.53,2754.78,2747.53,2748.01,104.138625
1790114400000,2748.01,2760.22,2737.22,2753.37,108.854485
1790118000000,2753.37,2774.03,2748.9,2752.86,77.518846
1790121600000,2752.86,2766.16,2749.65,2760.03,57.945343
1790125200000,2760.03,2774.78,2745.87,2751.8,95.799221
1790128800000,2751.8,2762.38,2746.22,2762.01,41.525106
1790132400000,2762.01,2782.53,2758.22,2774.29,718.340662
1790136000000,2774.29,2787.4,2768.21,2779.87,13.461905
1790139600000,2779.87,2779.87,2755.69,2757.43,29.489632
1790143200000,2757.43,2761.27,2753.23,2753.23,12.678745
1790146800000,2753.23,2753.62,2735.56,2745.13,84.670858
1790150400000,2745.13,2749.99,2728,2731.31,41.914449
1790154000000,2731.31,2741.82,2731.31,2733.82,45.487673
1790157600000,2733.82,2737.74,2726.54,2737.74,55.665878
1790161200000,2737.74,2739.29,2715.96,2727.44,121.971467
1790164800000,2727.44,2728.18,2713.72,2721.6,112.34306
1790168400000,2721.6,2722.41,2707.57,2715.3,211.173852
1790172000000,2715.3,2719.22,2646.18,2676.49,317.314331
1790175600000,2676.49,2682.83,2655.53,2655.63,66.386192
1790179200000,2655.63,2666.97,2635.97,2660.44,197.679611
1790182800000,2660.44,2669.59,2648.2,2668.11,42.148899
1790186400000,2668.11,2671.59,2659.71,2670.25,48.891326
1790190000000,2670.25,2680.18,2664.19,2678.59,117.469544
1790193600000,2678.59,2679.35,2668.81,2670.15,190.174073
1790197200000,2670.15,2678.97,2668.59,2677.23,162.036945
1790200800000,2677.23,2698.13,2677.22,2689.7,118.244834
1790204400000,2689.7,2690.05,2681.11,2684.4,22.696826
1790208000000,2684.4,2691.01,2679.6,2683,23.543973
1790211600000,2683,2691.58,2675.1,2675.77,56.711663
1790215200000,2675.77,2687.29,2663.63,2685.41,31.15563
1790218800000,2685.41,2689.76,2671.28,2674.39,24.914848
1790222400000,2674.39,2683.44,2670.6,2682.09,35.915525
1790226000000,2682.09,2702.94,2682.09,2682.94,39.478205
1790229600000,2682.94,2690.72,2679.82,2687.44,9.755675
1790233200000,2687.44,2698.95,2680.03,2692.9,77.115997
1790236800000,2692.9,2694.55,2656.46,2663.22,86.389283
1790240400000,2663.22,2672.76,2627.65,2641.51,132.241431
1790244000000,2641.51,2648.9,2633.21,2648.03,67.652322
1790247600000,2648.03,2651.94,2643.32,2646.95,34.644554
1790251200000,2646.95,2653.87,2639.73,2648.52,45.247717
1790254800000,2648.52,2676.86,2648.52,2669.73,82.058039
1790258400000,2669.73,2697.35,2647.11,2657.02,131.605147
1790262000000,2657.02,2685.39,2653.42,2682.43,46.44428
1790265600000,2682.43,2705.43,2665.7,2687.23,217.926241
1790269200000,2687.23,2687.84,2666.66,2668.9,48.429661
1790272800000,2668.9,2693.09,2660.93,2689.48,29.289049
1790276400000,2689.48,2700,2682.74,2693.16,67.400957
1790280000000,2693.16,2695.88,2682.01,2685.67,6.863577
1790283600000,2685.67,2692.1,2684.75,2684.9,83.718305
1790287200000,2684.9,2687.68,2677,2684.96,30.496153
1790290800000,2684.96,2692.52,2684.42,2687.33,32.155768
1790294400000,2687.33,2696.24,2687.33,2689.75,12.535934
1790298000000,2689.75,2697.4,2682.19,2688.95,38.932724
1790301600000,2688.95,2699.4,2674.7,2675.78,61.665224
1790305200000,2675.78,2679.27,2673.18,2675.87,18.373656
1790308800000,2675.87,2685.22,2671.81,2678.44,37.323664
1790312400000,2678.44,2683.84,2675.31,2681.13,37.035127
1790316000000,2681.13,2682.49,2671.61,2675.33,89.75198
1790319600000,2675.33,2680.51,2667.78,2671.5,31.108511
1790323200000,2671.5,2694.08,2671.5,2690.9,36.080627
1790326800000,2690.9,2715.29,2690.85,2704.93,125.796018
1790330400000,2704.93,2717.11,2693.41,2713.09,18.225654
1790334000000,2713.09,2742.28,2713.06,2717.09,143.016284
1790337600000,2717.09,2723.54,2685.22,2717.54,112.149179
1790341200000,2717.54,2721.02,2681.77,2694.45,148.721196
1790344800000,2694.45,2696.97,2672.65,2694.27,250.176528
1790348400000,2694.27,2697.94,2669.56,2681.86,345.25877
1790352000000,2681.86,2697,2681.11,2682.8,248.491456
1790355600000,2682.8,2693.31,2678.17,2685.67,85.556592
1790359200000,2685.67,2697.11,2685.66,2692.99,338.153164
1790362800000,2692.99,2696.03,2690.11,2693.03,48.870683
1790366400000,2693.03,2694.99,2683.73,2684.5,62.616132
1790370000000,2684.5,2684.5,2674.77,2680.81,20.846721
1790373600000,2680.81,2695,2680.81,2692.16,29.381174
1790377200000,2692.16,2694.36,2690.33,2691.37,15.606907
1790380800000,2691.37,2692.62,2680.95,2686.39,5.276892
1790384400000,2686.39,2695,2686.39,2692.14,20.916227
1790388000000,2692.14,2694.93,2688.87,2690.7,3.201408
1790391600000,2690.7,2690.7,2685.88,2687.5,10.89019
1790395200000,2687.5,2691.09,2686.03,2689.19,3.114167
1790398800000,2689.19,2689.87,2684.91,2686.39,5.720709
1790402400000,2686.39,2687.22,2684.23,2685.04,2.624014
1790406000000,2685.04,2690.57,2685.04,2689.5,4.79509
1790409600000,2689.5,2696.85,2688.23,2691.46,11.601131
1790413200000,2691.46,2691.46,2679.58,2681.77,6.872308
1790416800000,2681.77,2689.59,2681.77,2687.05,15.342188
1790420400000,2687.05,2690.2,2685.74,2689.45,15.720472
1790424000000,2689.45,2691.69,2686.25,2687.92,1.62895
1790427600000,2687.92,2690.9,2682.58,2686.24,9.316254
1790431200000,2686.24,2689.26,2684.91,2688.3,30.759449
1790434800000,2688.3,2695.12,2688.3,2692.51,17.067079
1790438400000,2692.51,2693.47,2689.45,2690.73,7.939661
1790442000000,2690.73,2691.39,2686.79,2690.23,48.01731
1790445600000,2690.23,2690.88,2683.5,2684.66,6.421336
1790449200000,2684.66,2686.25,2681.43,2684.1,14.621902
1790452800000,2684.1,2684.77,2665.98,2676.69,96.42922
1790456400000,2676.69,2691.9,2675.92,2685.56,93.779919
1790460000000,2685.56,2691.41,2685.46,2688.1,9.387539
1790463600000,2688.1,2696.15,2688.1,2695.8,35.074854
1790467200000,2695.8,2695.8,2689.45,2692.63,6.916216
1790470800000,2692.63,2704.82,2691.38,2701.07,29.0421
1790474400000,2701.07,2704.06,2697.03,2697.6,103.951588
1790478000000,2697.6,2699.83,2695.93,2696.42,1.860655
1790481600000,2696.42,2699.22,2690.94,2692.22,26.671416
1790485200000,2692.22,2711.18,2691.88,2704.53,18.314048
1790488800000,2704.53,2711.36,2704.53,2706.49,7.118811
1790492400000,2706.49,2719,2705.59,2717.09,34.570795
1790496000000,2717.09,2722.37,2714.77,2714.77,39.824316
1790499600000,2714.77,2714.77,2706.17,2713.14,1.741217
1790503200000,2713.14,2717.05,2708.38,2708.83,11.622417
1790506800000,2708.83,2711,2706.92,2708.94,2.821699
1790510400000,2708.94,2715.69,2708.26,2708.26,0.506767
1790514000000,2708.26,2712.94,2699.48,2709.14,28.607705
1790517600000,2709.14,2709.64,2685.39,2687.76,34.200318
1790521200000,2687.76,2692.28,2682,2689.44,14.229228
1790524800000,2689.44,2694.16,2685.01,2686.26,36.655259
1790528400000,2686.26,2691.36,2685.26,2691.36,6.54978
1790532000000,2691.36,2699.2,2689.48,2697.9,14.978713
1790535600000,2697.9,2698.25,2690.23,2690.99,26.668242
1790539200000,2690.99,2696.03,2686.01,2686.55,154.823075
1790542800000,2686.55,2692.36,2676.6,2684.36,74.423534
1790546400000,2684.36,2685.51,2669.55,2675.92,84.832962
1790550000000,2675.92,2689.61,2673.8,2686.9,23.15709
1790553600000,2686.9,2701.81,2672.8,2674.31,69.114966
1790557200000,2674.31,2679.19,2650,2657.03,72.053827
1790560800000,2657.03,2661.92,2649.08,2651.81,19.954453
1790564400000,2651.81,2657.53,2642.33,2651.5,70.197584
1790568000000,2651.5,2659.43,2646.32,2657.63,66.844705
1790571600000,2657.63,2657.63,2635.29,2651.13,76.424942
1790575200000,2651.13,2656.39,2645.82,2648.3,12.089712
1790578800000,2648.3,2654.67,2642.6,2643.6,31.361527
1790582400000,2643.6,2651.04,2640.08,2650.43,95.195167
1790586000000,2650.43,2653.39,2637.45,2640.19,53.274961
1790589600000,2640.19,2658.42,2640.19,2655.49,17.434253
1790593200000,2655.49,2668.29,2655.49,2667.93,18.033732
1790596800000,2667.93,2692.99,2664.8,2690.19,101.966784
1790600400000,2690.19,2697.32,2679.78,2689.54,82.990313
1790604000000,2689.54,2689.54,2651,2664.23,206.019707
1790607600000,2664.23,2679.51,2653.32,2677.83,25.928279
1790611200000,2677.83,2697.5,2670.01,2686.07,92.009592
1790614800000,2686.07,2719.07,2681.04,2695.3,213.837043
1790618400000,2695.3,2698.71,2687.08,2698.54,89.792239
1790622000000,2698.54,2698.54,2664.24,2673.13,25.637539
1790625600000,2673.13,2684.62,2669.53,2681.6,158.849992
1790629200000,2681.6,2688.49,2672.96,2672.96,66.344968
1790632800000,2672.96,2686.62,2667.79,2686.62,13.813272
1790636400000,2686.62,2692,2685,2687.62,45.722535
1790640000000,2687.62,2693.14,2675.8,2675.8,14.268072
1790643600000,2675.8,2679.82,2655.41,2664.15,70.516266
1790647200000,2664.15,2665.5,2651.37,2656.03,452.807734
1790650800000,2656.03,2667.79,2654.73,2663.58,14.164803
1790654400000,2663.58,2671.96,2660.76,2666.38,19.101402
1790658000000,2666.38,2676.49,2654.72,2675.61,17.109252
1790661600000,2675.61,2707.39,2675.15,2705.39,119.753573
1790665200000,2705.39,2715.83,2700.5,2711.19,67.067931
1790668800000,2711.19,2731.93,2705.86,2709.17,84.099617
1790672400000,2709.17,2720.28,2702.81,2717,16.365217
1790676000000,2717,2719.38,2709.64,2714.31,36.253534
1790679600000,2714.31,2736.7,2713.64,2731.84,142.647345
1790683200000,2731.84,2747,2728.84,2736.1,74.009525
1790686800000,2736.1,2739.7,2722.05,2726,89.486323
1790690400000,2726,2731.11,2707.7,2709.92,112.497158
1790694000000,2709.92,2709.92,2668.11,2670.49,115.771447
1790697600000,2670.49,2683.51,2668.6,2675.49,88.222799
1790701200000,2675.49,2679.36,2669,2672.2,29.585367
1790704800000,2672.2,2696.22,2672.2,2695.09,78.908699
1790708400000,2695.09,2698,2686.18,2688.81,29.629448
1790712000000,2688.81,2693.28,2686.05,2688.84,46.789398
1790715600000,2688.84,2688.94,2676.56,2677.79,59.389385
1790719200000,2677.79,2685.2,2674.8,2680.94,34.086149
1790722800000,2680.94,2687.24,2675.59,2676.6,11.7976
1790726400000,2676.6,2678.21,2667.15,2671.52,63.047079
1790730000000,2671.52,2675.8,2667.39,2670.8,63.455054
1790733600000,2670.8,2676.81,2665.4,2673,55.343735
1790737200000,2673,2675.09,2666.97,2669.01,14.891734
1790740800000,2669.01,2675.48,2668.94,2668.94,17.003056
1790744400000,2668.94,2678.16,2666.09,2674.61,24.836595
1790748000000,2674.61,2674.61,2657.38,2662.8,65.435497
1790751600000,2662.8,2676.45,2660.74,2675.95,3.294433
1790755200000,2675.95,2675.95,2663.96,2669.8,20.270901
1790758800000,2669.8,2698,2669.8,2688.18,153.969929
1790762400000,2688.18,2695.69,2687.72,2693.68,10.972625
1790766000000,2693.68,2698.38,2685.2,2694.56,60.36869
1790769600000,2694.56,2737.1,2692.38,2732.79,686.924282
1790773200000,2732.79,2736,2690.48,2706.03,114.529308
1790776800000,2706.03,2712.28,2667.3,2677.32,189.36957
1790780400000,2677.32,2687.86,2670.24,2681.27,84.695541
1790784000000,2681.27,2693.27,2681.27,2693.21,10.796671
1790787600000,2693.21,2695.24,2675.09,2680.92,18.968308
1790791200000,2680.92,2682.9,2673.41,2677.96,21.650721
1790794800000,2677.96,2679.61,2666.82,2668.22,43.297058
1790798400000,2668.22,2681.27,2668.22,2680.87,60.518312
1790802000000,2680.87,2684.62,2680.56,2682.4,38.139795
1790805600000,2682.4,2690.99,2677.42,2686.18,60.70434
1790809200000,2686.18,2691.2,2682.91,2684.32,7.647705
1790812800000,2684.32,2685.12,2677,2683.36,3.771749
1790816400000,2683.36,2691.47,2683.36,2688.63,17.684967
1790820000000,2688.63,2692.85,2682.54,2686.13,13.706228
1790823600000,2686.13,2694.47,2683.4,2694.47,15.898889
1790827200000,2694.47,2709.87,2691.99,2706.39,77.630545
1790830800000,2706.39,2716.86,2704.02,2715.49,7.664598
1790834400000,2715.49,2720,2713.4,2715.43,12.414559
1790838000000,2715.43,2715.43,2673.41,2675.77,80.710526
1790841600000,2675.77,2685.82,2673,2685.82,84.929911
1790845200000,2685.82,2695.01,2685.13,2688.19,15.86385
1790848800000,2688.19,2704.88,2676.61,2700.62,42.795098
1790852400000,2700.62,2707.63,2693.99,2705.45,28.693677
1790856000000,2705.45,2709.94,2687.86,2690.24,49.943535
1790859600000,2690.24,2700.02,2682.84,2696.15,43.449247
1790863200000,2696.15,2703.04,2680.57,2688.69,46.042364
1790866800000,2688.69,2694.34,2673,2680.74,243.598755
1790870400000,2680.74,2693.01,2676.47,2678.5,203.290446
1790874000000,2678.5,2709.13,2678.5,2699.18,45.437879
1790877600000,2699.18,2713.61,2691.89,2699.04,239.540254
1790881200000,2699.04,2705,2691.8,2699.12,27.134346
1790884800000,2699.12,2704.88,2695.27,2698.25,144.67658
1790888400000,2698.25,2698.25,2689.19,2693.48,41.984357
1790892000000,2693.48,2703,2692.38,2702,19.889988
1790895600000,2702,2705,2698.61,2705,17.149136
1790899200000,2705,2708.02,2701.4,2706.86,33.578781
1790902800000,2706.86,2717.2,2696.04,2715.11,34.214989
1790906400000,2715.11,2721.08,2708,2719.94,24.401115
1790910000000,2719.94,2725.61,2713.44,2719.01,39.928859
1790913600000,2719.01,2745.6,2713.61,2741.96,205.974745
1790917200000,2741.96,2741.96,2712.41,2716.73,92.546226
1790920800000,2716.73,2732.6,2716.73,2728.71,10.402529
1790924400000,2728.71,2746.73,2724.32,2746.73,21.632304
1790928000000,2746.73,2774.19,2727.57,2755.6,55.185815
1790931600000,2755.6,2755.6,2744.45,2748.06,16.505
1790935200000,2748.06,2752.96,2742.19,2743.34,13.21186
1790938800000,2743.34,2751.39,2743.34,2746.87,18.474986
1790942400000,2746.87,2763.73,2740.76,2755.41,25.740371
1790946000000,2755.41,2768.64,2742.7,2746.33,144.967182
1790949600000,2746.33,2750,2700,2710.89,99.312913
1790953200000,2710.89,2711.73,2692.42,2696.61,73.154363
1790956800000,2696.61,2703.12,2686.99,2688.49,65.207403
1790960400000,2688.49,2691.97,2677.57,2684.87,86.648777
1790964000000,2684.87,2688.76,2651.7,2666.1,151.364033
1790967600000,2666.1,2670.56,2658,2666.57,174.506369
1790971200000,2666.57,2670.92,2659.2,2661.29,199.952415
1790974800000,2661.29,2666.19,2657.24,2664.95,40.0672
1790978400000,2664.95,2668.31,2661.02,2667.65,43.849221
1790982000000,2667.65,2669.65,2665.37,2667.99,30.398495
1790985600000,2667.99,2677.55,2665.19,2675.74,125.348488
1790989200000,2675.74,2683.15,2674.48,2678.36,28.16377
1790992800000,2678.36,2681.91,2676.27,2678.56,15.407662
1790996400000,2678.56,2681.62,2676.19,2681.27,29.149366
1791000000000,2681.27,2682.14,2672.49,2675.44,123.759328
1791003600000,2675.44,2677.61,2674.07,2676.51,3.920238
1791007200000,2676.51,2681.2,2675.58,2678.83,13.755439
1791010800000,2678.83,2682.48,2678.55,2682.32,47.02525
1791014400000,2682.32,2683,2678.66,2682.9,7.199306
1791018000000,2682.9,2685.66,2679.9,2680.18,65.768619
1791021600000,2680.18,2683.23,2679.77,2683.18,16.08152
1791025200000,2683.18,2685.51,2681.46,2684.11,17.817175
1791028800000,2684.11,2686.42,2680.33,2682.02,22.377357
1791032400000,2682.02,2682.02,2677.22,2681.09,9.895298
1791036000000,2681.09,2684.37,2678.4,2682.73,17.404873
1791039600000,2682.73,2682.73,2678.61,2681.24,19.791105
1791043200000,2681.24,2682.16,2678.19,2681.12,5.828296
1791046800000,2681.12,2689.43,2681.12,2689.43,7.522066
1791050400000,2689.43,2689.52,2683.3,2684.56,18.088483
1791054000000,2684.56,2685.78,2681.05,2685.18,19.896564
1791057600000,2685.18,2688.77,2685.18,2686.95,71.116673
1791061200000,2686.95,2687.94,2683.73,2684.8,82.944053
1791064800000,2684.8,2689.12,2684.54,2686.39,8.476143
1791068400000,2686.39,2688.19,2685.04,2687.2,13.429771
1791072000000,2687.2,2693.59,2686.51,2692.6,32.741718
1791075600000,2692.6,2694.59,2689.56,2694.26,2.336363
1791079200000,2694.26,2695.59,2691.78,2692.6,10.809933
1791082800000,2692.6,2695.85,2691.93,2694.19,18.015839
1791086400000,2694.19,2695.54,2690.96,2691.56,7.007821
1791090000000,2691.56,2695.32,2691.56,2694.51,2.622246
1791093600000,2694.51,2696.05,2691.99,2693.82,2.907609
1791097200000,2693.82,2704.84,2692.57,2704.84,10.538408
1791100800000,2704.84,2707.05,2698.13,2700.15,9.714141
1791104400000,2700.15,2705.43,2697.85,2702.2,8.71574
1791108000000,2702.2,2706.68,2701.5,2703.58,5.750274
1791111600000,2703.58,2703.58,2699.01,2700,0.472928
1791115200000,2700,2702.95,2695.03,2695.19,6.566949
1791118800000,2695.19,2700.6,2694.43,2699,5.2321
1791122400000,2699,2699.15,2692.87,2697.55,9.295604
1791126000000,2697.55,2704.01,2696.66,2699.25,24.052739
1791129600000,2699.25,2706.02,2696.13,2702.97,16.816053
1791133200000,2702.97,2705,2701.44,2701.72,21.333029
1791136800000,2701.72,2701.96,2700.23,2700.68,14.046028
1791140400000,2700.68,2704.03,2700.28,2701.35,10.152485
1791144000000,2701.35,2705,2700,2705,61.488881
1791147600000,2705,2710.18,2701,2701,2003.429708
1791151200000,2701,2735.38,2701,2728.83,157.241335
1791154800000,2728.83,2736.84,2724.94,2726.24,77.864182
1791158400000,2726.24,2730.51,2718.08,2730.04,34.707337
1791162000000,2730.04,2731.64,2722.8,2724.07,26.09576
1791165600000,2724.07,2737.27,2724.07,2731.34,27.101361
1791169200000,2731.34,2731.34,2713.37,2715.09,29.147165
1791172800000,2715.09,2716.02,2697.55,2702.04,79.688346
1791176400000,2702.04,2706.15,2693.8,2704.77,92.833413
1791180000000,2704.77,2726.18,2704.77,2722.22,32.880921
1791183600000,2722.22,2729.63,2720.99,2723.65,39.339196
1791187200000,2723.65,2732.57,2714.28,2719.14,70.735853
1791190800000,2719.14,2721.26,2716.52,2716.83,11.050478
1791194400000,2716.83,2719.62,2712.79,2716.41,14.60572
1791198000000,2716.41,2722.22,2710.4,2717.99,19.9306
1791201600000,2717.99,2719.84,2709,2710.95,30.817767
1791205200000,2710.95,2724.38,2710.95,2721.06,61.670545
1791208800000,2721.06,2728.94,2696.74,2703.48,184.738859
1791212400000,2703.48,2705.08,2694.32,2697.01,114.517245
1791216000000,2697.01,2697.72,2679.8,2696.51,210.15309
1791219600000,2696.51,2704.67,2693.48,2704.67,33.360695
1791223200000,2704.67,2710.6,2704.67,2710.44,29.952202
1791226800000,2710.44,2712.63,2706.31,2708.45,53.795088
1791230400000,2708.45,2714.96,2706.75,2713.16,30.604699
1791234000000,2713.16,2718.39,2710.59,2718.39,67.735513
1791237600000,2718.39,2720.83,2714.8,2715.76,25.297779
1791241200000,2715.76,2718.2,2709.98,2710.42,19.206453
1791244800000,2710.42,2716.46,2710,2716.12,10.189012
1791248400000,2716.12,2721.51,2707.03,2707.03,26.305669
1791252000000,2707.03,2710.11,2700.81,2701.1,19.150227
1791255600000,2701.1,2702.36,2693.05,2698.25,24.276851
1791259200000,2698.25,2703.52,2698,2701.42,6.278828
1791262800000,2701.42,2703.41,2700.12,2700.23,4.117297
1791266400000,2700.23,2700.23,2690,2696.79,19.933128
1791270000000,2696.79,2708.26,2695.24,2707.25,7.360205
1791273600000,2707.25,2716.03,2707.25,2715.84,33.341828
1791277200000,2715.84,2717.96,2694.04,2712.05,135.511475
1791280800000,2712.05,2716.54,2708.39,2712.61,22.419848
1791284400000,2712.61,2716.65,2709.62,2714.45,15.340486
1791288000000,2714.45,2716.88,2707.36,2715.53,30.746183
1791291600000,2715.53,2718.86,2709.91,2714.65,17.552606
1791295200000,2714.65,2721.54,2706.17,2721.15,16.022708
1791298800000,2721.15,2724.48,2702.86,2702.86,21.025518
1791302400000,2702.86,2706.19,2695.72,2695.72,8.858767
1791306000000,2695.72,2699.76,2693.42,2698.32,14.574948
1791309600000,2698.32,2701.53,2689.79,2690.17,103.742434
1791313200000,2690.17,2692.13,2683.54,2692.13,83.644679
1791316800000,2692.13,2698.88,2690.8,2698.19,146.580987
1791320400000,2698.19,2698.94,2695.23,2697.97,24.323531
1791324000000,2697.97,2700,2695.63,2696.68,7.837828
1791327600000,2696.68,2700.41,2694.46,2697.57,28.115878
1791331200000,2697.57,2699.35,2694.61,2696.72,15.440007
1791334800000,2696.72,2696.72,2658,2658,256.232049
1791338400000,2658,2658.71,2594.28,2612,806.56262
1791342000000,2612,2616.86,2603.29,2610.55,55.994625
1791345600000,2610.55,2614.46,2605.03,2610.07,75.594621
1791349200000,2610.07,2621.28,2608.96,2621.28,19.648534
1791352800000,2621.28,2621.28,2612.92,2618.16,25.76949
1791356400000,2618.16,2620.6,2614.85,2616.14,9.723145
1791360000000,2616.14,2617.79,2607.61,2610.55,82.596895
1791363600000,2610.55,2610.59,2593.18,2593.18,165.548506
1791367200000,2593.18,2596.95,2564.93,2579.25,210.499867
1791370800000,2579.25,2582.6,2570.72,2577.79,120.32603
1791374400000,2577.79,2583.68,2566.15,2572.02,99.125566
1791378000000,2572.02,2575.64,2551.78,2569.61,287.851585
1791381600000,2569.61,2569.61,2557.5,2562.88,159.385228
1791385200000,2562.88,2569.92,2558.04,2569.87,55.235514
1791388800000,2569.87,2578.33,2563.18,2567.33,198.541174
1791392400000,2567.33,2571.72,2537.99,2549.79,542.460082
1791396000000,2549.79,2564.1,2549.79,2561.17,300.873119
1791399600000,2561.17,2570.03,2559.64,2569.95,161.571623
1791403200000,2569.95,2576.58,2567.97,2573.36,22.616967
1791406800000,2573.36,2573.86,2565.73,2566.92,19.073206
1791410400000,2566.92,2570.23,2563.82,2569.34,65.219018
1791414000000,2569.34,2577.82,2566.1,2573.34,184.87071
1791417600000,2573.34,2576.68,2569.41,2575.89,89.847848
1791421200000,2575.89,2585.44,2574.32,2576.38,49.36185
1791424800000,2576.38,2583.58,2571.69,2578.7,67.282158
1791428400000,2578.7,2578.7,2562.15,2562.92,39.685295
1791432000000,2562.92,2573.11,2546.07,2562.09,398.191898
1791435600000,2562.09,2574.33,2560.1,2560.3,16.330937
1791439200000,2560.3,2570.64,2554.05,2565.83,260.537611
1791442800000,2565.83,2574.16,2559.8,2567.78,85.55685
1791446400000,2567.78,2568.76,2556.89,2557.6,63.817614
1791450000000,2557.6,2568.2,2555,2565.71,19.737236
1791453600000,2565.71,2567.93,2547.1,2549.57,261.440416
1791457200000,2549.57,2549.84,2526.93,2535.67,74.797431
1791460800000,2535.67,2537.45,2517.83,2528.73,120.578903
1791464400000,2528.73,2539.5,2503.1,2521.64,63.332486
1791468000000,2521.64,2533.31,2517.41,2530.34,48.625652
1791471600000,2530.34,2530.34,2428.87,2433.92,912.760274
1791475200000,2433.92,2440.29,2411.62,2415.26,846.988967
1791478800000,2415.26,2424.36,2405.29,2414.16,164.527264
1791482400000,2414.16,2447.78,2411.33,2446.51,85.242052
1791486000000,2446.51,2464.24,2441.91,2464.24,42.586211
1791489600000,2464.24,2475.05,2462.73,2473.81,1721.12583
1791493200000,2473.81,2481.96,2466.53,2477.07,83.016727
1791496800000,2477.07,2479.69,2470.55,2473.41,123.340562
1791500400000,2473.41,2481.91,2470.51,2471.66,94.925128
1791504000000,2471.66,2480.79,2471.66,2476.97,135.544918
1791507600000,2476.97,2484.09,2469.49,2480.6,72.124749
1791511200000,2480.6,2496.88,2476.39,2488.61,137.067726
1791514800000,2488.61,2491.63,2483.41,2491.58,56.896346
1791518400000,2491.58,2493.91,2482.51,2485.2,22.327649
1791522000000,2485.2,2496.92,2484.71,2489.86,20.156248
1791525600000,2489.86,2500.05,2489.86,2498.18,31.156123
1791529200000,2498.18,2503.6,2495.38,2501.67,25.458207
1791532800000,2501.67,2504.97,2495.22,2504.18,34.914682
1791536400000,2504.18,2506.49,2500.37,2500.71,6.848911
1791540000000,2500.71,2501.24,2486.03,2491,35.218348
1791543600000,2491,2516.01,2487.96,2504.42,107.85496
1791547200000,2504.42,2508.02,2492.07,2495.81,57.661075
1791550800000,2495.81,2499.17,2475.3,2482.22,56.548399
1791554400000,2482.22,2497.74,2479.04,2489.47,72.208535
1791558000000,2489.47,2492.24,2483.4,2487.08,105.324793
1791561600000,2487.08,2496.2,2484.85,2489.6,25.239398
1791565200000,2489.6,2491.14,2480.21,2486.42,31.694337
1791568800000,2486.42,2487.52,2477.36,2481.37,75.94879
1791572400000,2481.37,2486.26,2472.7,2474.99,117.957137
1791576000000,2474.99,2481.32,2470,2480.64,685.187338
1791579600000,2480.64,2483.73,2480.18,2483.3,26.370093
1791583200000,2483.3,2488.19,2477.83,2487,160.734497
1791586800000,2487,2488.16,2485.09,2485.4,15.511818
1791590400000,2485.4,2488.49,2483.88,2487.36,11.922668
1791594000000,2487.36,2493.89,2486.53,2493.56,5.710325
1791597600000,2493.56,2494.16,2489.97,2490.86,21.868705
1791601200000,2490.86,2491.09,2487.2,2489.26,2.654648
